financial_year,reporting_period,month,date,organisation,org_code,org_name,region_code,region_name,rgn19cd,sas_ordinary_elective,sas_daycase_elective,sas_elective_total,sas_non_elective,sas_first_attendances_GP_ref,sas_first_attendances_other_ref,sas_first_attendances_total,sas_first_attendances_DNA,sas_subsequent_attendances_seen,sas_subsequent_attendances_DNA,as_ordinary_elective,as_daycase_elective,as_elective_total,as_non_elective,as_first_attendances_GP_ref,as_first_attendances_other_ref,as_first_attendances_total,as_first_attendances_DNA,as_subsequent_attendances_seen,as_subsequent_attendances_DNA,total_admissions
2018-19,14,Apr-18,01/04/2018,National,All,NA,NA,NATIONAL,NA,109226,579543,688769,555711,971214,846413,1817627,140602,3578180,293887,112193,580161,692354,676084,1194643,1217914,2412557,187256,5303072,431332,22388738
2018-19,14,May-18,01/05/2018,National,All,NA,NA,NATIONAL,NA,122568,622131,744699,589739,1059736,922519,1982255,157126,3819303,320351,125743,622875,748618,717675,1295120,1318826,2613946,207427,5655653,466285,24112595
2018-19,14,Jun-18,01/06/2018,National,All,NA,NA,NATIONAL,NA,122302,607685,729987,570030,1020700,903571,1924271,154650,3685044,314159,125672,608308,733980,693787,1247784,1286721,2534505,203966,5451285,454895,23373302
2018-19,14,Jul-18,01/07/2018,National,All,NA,NA,NATIONAL,NA,120465,620901,741366,582792,1032027,917521,1949548,163024,3747330,323642,123844,621751,745595,710780,1262835,1315650,2578485,216078,5562542,471612,23807788
2018-19,14,Aug-18,01/08/2018,National,All,NA,NA,NATIONAL,NA,116189,601937,718126,574574,969359,865219,1834578,152793,3547863,303223,119520,602709,722229,700600,1188827,1245062,2433889,203845,5298761,444776,22644079
2018-19,14,Sep-18,01/09/2018,National,All,NA,NA,NATIONAL,NA,115790,575060,690850,558829,969027,856991,1826018,152439,3539619,303037,119053,575790,694843,683168,1182724,1223105,2405829,201336,5193279,437270,22304057
2018-19,14,Oct-18,01/10/2018,National,All,NA,NA,NATIONAL,NA,126010,661839,787849,606920,1105909,985167,2091076,168160,4031167,332726,129650,662718,792368,733429,1368584,1423595,2792179,226953,6007573,489671,25523543
2018-19,14,Nov-18,01/11/2018,National,All,NA,NA,NATIONAL,NA,126343,648814,775157,603178,1097167,966594,2063761,162289,3987062,322229,130247,649758,780005,725496,1335723,1377655,2713378,214821,5870054,469448,25019179
2018-19,14,Dec-18,01/12/2018,National,All,NA,NA,NATIONAL,NA,104502,536615,641117,597842,871384,782909,1654293,138061,3150469,265552,108016,537386,645402,718991,1058078,1112420,2170498,181440,4652289,386614,20313878
2018-19,14,Jan-19,01/01/2019,National,All,NA,NA,NATIONAL,NA,110814,651711,762525,620261,1061889,969586,2031475,163637,4008261,331251,114505,653188,767693,742339,1301587,1384171,2685758,216726,5903433,480568,24961378
2018-19,14,Feb-19,01/02/2019,National,All,NA,NA,NATIONAL,NA,109269,592598,701867,556591,959304,866380,1825684,138847,3539160,280070,112485,593998,706483,666581,1170127,1233373,2403500,183136,5206161,406878,22252492
2018-19,14,Mar-19,01/03/2019,National,All,NA,NA,NATIONAL,NA,123193,631989,755182,608608,1025059,928115,1953174,146528,3745453,289247,126850,633116,759966,730489,1245653,1315015,2560668,192762,5492539,419969,23683575
2019-20,14,Apr-19,01/04/2019,National,All,NA,NA,NATIONAL,NA,112715,601133,713848,593814,972567,940018,1912585,144562,3647064,291289,116154,602090,718244,711455,1195696,1324252,2519948,194469,5332476,417497,23061876
2019-20,14,May-19,01/05/2019,National,All,NA,NA,NATIONAL,NA,123150,634400,757550,615424,1015951,995960,2011911,155891,3816183,312503,126479,635325,761804,740308,1247005,1400278,2647283,206537,5573367,443993,24221302
2019-20,14,Jun-19,01/06/2019,National,All,NA,NA,NATIONAL,NA,119553,603302,722855,579559,979445,948847,1928292,150220,3611307,297728,122707,604184,726891,700878,1199787,1329138,2528925,197627,5258156,420614,23030015
2019-20,14,Jul-19,01/07/2019,National,All,NA,NA,NATIONAL,NA,125895,670223,796118,614949,1092771,1057181,2149952,169045,4026334,329359,129127,671205,800332,742225,1338086,1483574,2821660,222418,5873041,466415,25579910
2019-20,14,Aug-19,01/08/2019,National,All,NA,NA,NATIONAL,NA,116866,602104,718970,582952,932317,913904,1846221,146341,3474676,283003,119983,602962,722945,708530,1146634,1291830,2438464,193151,5126801,408090,22376744
2019-20,14,Sep-19,01/09/2019,National,All,NA,NA,NATIONAL,NA,116197,617374,733571,581624,1009605,986456,1996061,158205,3745061,310799,119255,618388,737643,704605,1235030,1382067,2617097,206743,5442586,438805,23757172
2019-20,14,Oct-19,01/10/2019,National,All,NA,NA,NATIONAL,NA,128895,677730,806625,625866,1114693,1066168,2180861,168597,4112480,333220,132185,678712,810897,752511,1363733,1505793,2869526,221008,5996109,473072,26018681
2019-20,14,Nov-19,01/11/2019,National,All,NA,NA,NATIONAL,NA,122926,645018,767944,610347,1043070,998238,2041308,156390,3855759,306880,125941,645952,771893,730169,1272167,1409001,2681168,205426,5611832,436502,24437931
2019-20,14,Dec-19,01/12/2019,National,All,NA,NA,NATIONAL,NA,104901,565408,670309,614917,903047,884482,1787529,145737,3344081,284030,107719,566204,673923,734269,1099856,1247123,2346979,190425,4890860,403886,21565685
2019-20,14,Jan-20,01/01/2020,National,All,NA,NA,NATIONAL,NA,114011,665678,779689,616970,1042043,1046295,2088338,161254,4055496,325701,116874,666711,783585,738476,1278724,1482165,2760889,212092,5898861,460538,25294390
2019-20,14,Feb-20,01/02/2020,National,All,NA,NA,NATIONAL,NA,113907,614742,728649,562479,968847,944353,1913200,140080,3600351,280217,116821,615652,732473,674880,1182780,1335164,2517944,183847,5246811,396365,22869562
2019-20,14,Mar-20,01/03/2020,National,All,NA,NA,NATIONAL,NA,91260,483775,575035,508255,811654,784158,1595812,145645,3241944,281910,94378,484458,578836,623028,987313,1130261,2117574,189498,4739655,399562,19864011
2020-21,14,Apr-20,01/04/2020,National,All,NA,NA,NATIONAL,NA,32082,158030,190112,369019,355477,430103,785580,54178,2069378,119324,34598,158341,192939,473192,443806,668179,1111985,73274,3134241,184170,11038008
2020-21,14,May-20,01/05/2020,National,All,NA,NA,NATIONAL,NA,39834,190591,230425,445601,421184,524061,945245,57763,2212032,125557,42397,190942,233339,559195,509244,768914,1278158,75386,3288130,186670,12324668
2020-21,14,Jun-20,01/06/2020,National,All,NA,NA,NATIONAL,NA,54910,282624,337534,490806,584760,713711,1298471,82843,2911488,175889,57580,283183,340763,604851,702328,1026617,1728945,106425,4204549,253030,16241307
2020-21,14,Jul-20,01/07/2020,National,All,NA,NA,NATIONAL,NA,74320,378137,452457,535566,659940,805864,1465804,97993,3184602,212883,77378,378911,456289,655481,808709,1152899,1961608,127831,4632807,307911,18427390
2020-21,14,Aug-20,01/08/2020,National,All,NA,NA,NATIONAL,NA,80818,386794,467612,523569,612916,760980,1373896,97350,2847141,212285,83559,387755,471314,639548,760751,1080600,1841351,127662,4175615,306217,17237733
2020-21,14,Sep-20,01/09/2020,National,All,NA,NA,NATIONAL,NA,90819,479064,569883,539793,776682,920402,1697084,128395,3522827,279976,93598,480439,574037,656520,955987,1297284,2253271,166059,5066585,390720,20939425
2020-21,14,Oct-20,01/10/2020,National,All,NA,NA,NATIONAL,NA,102101,523261,625362,540582,815195,932482,1747677,130603,3556345,285457,105243,524769,630012,658553,998563,1321641,2320204,169312,5143015,400268,21530645
2020-21,14,Nov-20,01/11/2020,National,All,NA,NA,NATIONAL,NA,88893,512309,601202,509733,845121,932385,1777506,138606,3612809,297098,91889,513773,605662,621268,1025435,1314740,2340175,178589,5229105,413948,21650246
2020-21,14,Dec-20,01/12/2020,National,All,NA,NA,NATIONAL,NA,80135,469490,549625,513799,758356,864783,1623139,129086,3265639,273112,83465,470530,553995,620375,916113,1212858,2128971,166618,4763217,384748,19828054
2020-21,14,Jan-21,01/01/2021,National,All,NA,NA,NATIONAL,NA,54731,393409,448140,492502,698258,816849,1515107,119852,3141340,261033,58000,394023,452023,600732,847490,1184679,2032169,156188,4578142,367387,18612054
2020-21,14,Feb-21,01/02/2021,National,All,NA,NA,NATIONAL,NA,59226,414670,473896,478734,722781,816802,1539583,105879,3161849,234175,62562,415511,478073,582563,868978,1159953,2028931,136943,4559929,327743,18628781
2020-21,14,Mar-21,01/03/2021,National,All,NA,NA,NATIONAL,NA,82027,537886,619913,569529,911139,988777,1899916,127706,3894799,280664,85723,538911,624634,687144,1091565,1393544,2485109,164366,5612283,390555,22986190
2021-22,11,Apr-21,01/04/2021,National,All,NA,NA,NATIONAL,NA,83915,522359,606274,569727,831762,948955,1780717,126081,3622259,272658,87488,523495,610983,688177,1011802,1346853,2358655,165822,5268687,386378,21813047
2021-22,11,May-21,01/05/2021,National,All,NA,NA,NATIONAL,NA,95819,542417,638236,594500,845968,969763,1815731,131119,3590302,275817,99488,543393,642881,716428,1026469,1373991,2400460,170753,5224298,388781,22086614
2021-22,11,Jun-21,01/06/2021,National,All,NA,NA,NATIONAL,NA,98373,599442,697815,595799,935779,1059727,1995506,156300,3954740,327249,102403,600479,702882,716796,1136010,1498425,2634435,204312,5736616,461016,24214104
2021-22,11,Jul-21,01/07/2021,National,All,NA,NA,NATIONAL,NA,99172,578451,677623,590008,888918,1009868,1898786,158414,3742214,321767,103329,579451,682780,719261,1081123,1435036,2516159,206901,5466745,456459,23212465
2021-22,11,Aug-21,01/08/2021,National,All,NA,NA,NATIONAL,NA,86368,529927,616295,556363,800465,922143,1722608,143213,3443218,296966,90226,530920,621146,683706,979031,1316021,2295052,188458,5049042,423410,21294578
2021-22,11,Sep-21,01/09/2021,National,All,NA,NA,NATIONAL,NA,90791,571244,662035,566774,929695,1032065,1961760,162783,3874457,340683,94857,572353,667210,694893,1122515,1457271,2579786,211950,5602301,477966,23673389
2021-22,11,Oct-21,01/10/2021,National,All,NA,NA,NATIONAL,NA,92916,554159,647075,562271,894122,975116,1869238,154896,3643601,312783,97145,555365,652510,690619,1079762,1385704,2465466,201790,5286792,440032,22561362
2021-22,11,Nov-21,01/11/2021,National,All,NA,NA,NATIONAL,NA,95954,593790,689744,555627,977243,1057699,2034942,168868,4041151,343059,99887,595181,695068,676532,1180611,1498354,2678965,219670,5817293,478988,24498626
2021-22,11,Dec-21,01/12/2021,National,All,NA,NA,NATIONAL,NA,83629,509718,593347,541539,801015,885239,1686254,150737,3387845,296507,87817,510819,598636,660079,957871,1262344,2220215,195527,4894263,420361,20743762
2021-22,11,Jan-22,01/01/2022,National,All,NA,NA,NATIONAL,NA,74772,525881,600653,524315,845123,950378,1795501,157997,3622050,316413,78265,527024,605289,641857,1028220,1348466,2376686,206062,5228926,443201,21897079
2021-22,11,Feb-22,01/02/2022,National,All,NA,NA,NATIONAL,NA,85016,539874,624890,501357,854314,927196,1781510,146272,3469295,285840,88536,541057,629593,609785,1017321,1306414,2323735,188872,4965296,399951,21286124
2018-19,14,Apr-18,01/04/2018,Region of CCG,NA,NA,Y56,LONDON COMMISSIONING REGION,E12000007,14390,77645,92040,74865,171235,146455,317690,36345,633365,70305,15135,77915,93045,98065,204235,199090,403320,44905,888710,95025,3753780
2018-19,14,Apr-18,01/04/2018,Region of CCG,NA,NA,Y58,SOUTH WEST COMMISSIONING REGION,E12000009,11620,59600,71220,57600,79405,73650,153060,9580,305710,19100,11895,59620,71510,67750,103220,115370,218590,14730,460540,30465,1994235
2018-19,14,Apr-18,01/04/2018,Region of CCG,NA,NA,Y59,SOUTH EAST COMMISSIONING REGION,E12000008,17260,82385,99645,81645,159445,140370,299815,16865,512620,33620,17610,82415,100020,96080,196960,211165,408125,23255,826380,50970,3456650
2018-19,14,May-18,01/05/2018,Region of CCG,NA,NA,Y56,LONDON COMMISSIONING REGION,E12000007,16040,84450,100490,80880,187335,161550,348885,40635,677380,77165,16840,84750,101590,105805,221840,216785,438625,49665,951390,103500,4065600
2018-19,14,May-18,01/05/2018,Region of CCG,NA,NA,Y58,SOUTH WEST COMMISSIONING REGION,E12000009,13455,64020,77475,59815,85045,79080,164125,10595,323620,20900,13780,64045,77825,70465,110425,124125,234545,15925,487805,32880,2129950
2018-19,14,May-18,01/05/2018,Region of CCG,NA,NA,Y59,SOUTH EAST COMMISSIONING REGION,E12000008,19270,87810,107080,86610,174785,154125,328910,19295,553040,37100,19615,87855,107475,102195,214265,230035,444300,26170,890655,56000,3746590
2018-19,14,Jun-18,01/06/2018,Region of CCG,NA,NA,Y56,LONDON COMMISSIONING REGION,E12000007,16155,82500,98655,78150,180000,159390,339390,40605,662795,74470,16995,82800,99795,102190,213460,212395,425855,49405,928435,99445,3962885
2018-19,14,Jun-18,01/06/2018,Region of CCG,NA,NA,Y58,SOUTH WEST COMMISSIONING REGION,E12000009,13465,62095,75560,57515,82625,76920,159545,10270,312975,20625,13825,62115,75935,67635,106670,120650,227320,15530,470660,32335,2064270
2018-19,14,Jun-18,01/06/2018,Region of CCG,NA,NA,Y59,SOUTH EAST COMMISSIONING REGION,E12000008,19200,86880,106080,84410,170185,153040,323225,18805,535250,36270,19520,86910,106430,99615,208945,226920,435870,25590,858380,54560,3656085
2018-19,14,Jul-18,01/07/2018,Region of CCG,NA,NA,Y56,LONDON COMMISSIONING REGION,E12000007,15460,83795,99255,80450,183065,160780,343845,43990,674145,80455,16255,84180,100435,105505,217775,216680,434455,53465,944085,107200,4045275
2018-19,14,Jul-18,01/07/2018,Region of CCG,NA,NA,Y58,SOUTH WEST COMMISSIONING REGION,E12000009,13070,63110,76180,58745,82735,79965,162695,10865,318970,21405,13395,63130,76525,69225,107830,125165,233000,16605,485300,34015,2111930
2018-19,14,Jul-18,01/07/2018,Region of CCG,NA,NA,Y59,SOUTH EAST COMMISSIONING REGION,E12000008,18495,88620,107115,85110,171245,156740,327980,19785,548270,37510,18900,88665,107570,100640,210845,234090,444935,27090,880010,57100,3730715
2018-19,14,Aug-18,01/08/2018,Region of CCG,NA,NA,Y56,LONDON COMMISSIONING REGION,E12000007,14860,79735,94595,78170,171450,156075,327530,42680,627210,75790,15655,80105,95760,102515,203500,209295,412795,52145,886335,102220,3828420
2018-19,14,Aug-18,01/08/2018,Region of CCG,NA,NA,Y58,SOUTH WEST COMMISSIONING REGION,E12000009,12700,62040,74740,58490,77060,75815,152875,9790,302275,19675,13040,62080,75120,69060,101165,118935,220100,15300,461985,31750,2013995
2018-19,14,Aug-18,01/08/2018,Region of CCG,NA,NA,Y59,SOUTH EAST COMMISSIONING REGION,E12000008,18215,84785,103005,84150,161640,149240,310885,18790,521190,35810,18590,84855,103440,99070,199475,222865,422340,25680,839950,54225,3558200
2018-19,14,Sep-18,01/09/2018,Region of CCG,NA,NA,Y56,LONDON COMMISSIONING REGION,E12000007,14775,77200,91975,77215,168920,149180,318105,40860,634170,74055,15560,77525,93080,101360,199080,198705,397785,49475,864780,98250,3742055
2018-19,14,Sep-18,01/09/2018,Region of CCG,NA,NA,Y58,SOUTH WEST COMMISSIONING REGION,E12000009,12570,58680,71250,56095,76065,73560,149625,9630,297520,19835,12860,58710,71570,66325,99410,115520,214925,14990,446560,31035,1956735
2018-19,14,Sep-18,01/09/2018,Region of CCG,NA,NA,Y59,SOUTH EAST COMMISSIONING REGION,E12000008,18820,81300,100120,80910,159040,147475,306510,19090,514165,36330,19175,81330,100505,96000,194460,216015,410475,25715,810820,53970,3472225
2018-19,14,Oct-18,01/10/2018,Region of CCG,NA,NA,Y56,LONDON COMMISSIONING REGION,E12000007,16070,89065,105135,83100,185480,169590,355070,42700,690700,77850,16955,89490,106445,107585,233225,240545,473770,55825,1011470,108615,4258685
2018-19,14,Oct-18,01/10/2018,Region of CCG,NA,NA,Y58,SOUTH WEST COMMISSIONING REGION,E12000009,13485,68000,81485,61610,87075,86390,173465,10650,346665,22050,13825,68020,81845,72015,115215,136680,251895,16745,522990,34840,2264945
2018-19,14,Oct-18,01/10/2018,Region of CCG,NA,NA,Y59,SOUTH EAST COMMISSIONING REGION,E12000008,20215,92545,112760,87620,180575,166750,347325,20970,579130,40200,20660,92600,113260,103235,221900,246315,468215,28610,924665,60320,3927870
2018-19,14,Nov-18,01/11/2018,Region of CCG,NA,NA,Y56,LONDON COMMISSIONING REGION,E12000007,16735,87685,104420,82540,192525,174620,367150,43865,713515,79080,17700,88085,105785,106510,227990,233455,461445,53725,988060,105505,4250395
2018-19,14,Nov-18,01/11/2018,Region of CCG,NA,NA,Y58,SOUTH WEST COMMISSIONING REGION,E12000009,13270,65780,79055,61770,86705,84480,171180,10285,338950,20945,13570,65810,79380,71705,112915,132315,245225,16050,510610,33170,2213170
2018-19,14,Nov-18,01/11/2018,Region of CCG,NA,NA,Y59,SOUTH EAST COMMISSIONING REGION,E12000008,20235,90760,110995,88780,182260,163320,345580,20425,580860,38745,20680,90800,111480,103215,222030,240010,462040,27665,921465,58320,3899665
2018-19,14,Dec-18,01/12/2018,Region of CCG,NA,NA,Y56,LONDON COMMISSIONING REGION,E12000007,13510,71895,85405,82190,153375,143045,296420,36150,565210,63505,14390,72250,86640,106790,180940,191335,372275,44285,789565,85940,3455115
2018-19,14,Dec-18,01/12/2018,Region of CCG,NA,NA,Y58,SOUTH WEST COMMISSIONING REGION,E12000009,10995,55010,66010,62100,69380,67330,136710,8720,269940,17775,11295,55025,66320,72035,89555,105170,194725,13350,406365,28075,1805885
2018-19,14,Dec-18,01/12/2018,Region of CCG,NA,NA,Y59,SOUTH EAST COMMISSIONING REGION,E12000008,16695,74125,90815,87715,144755,134215,278970,17550,463475,32340,17080,74155,91235,102215,175220,194810,370030,23630,730805,47830,3167665
2018-19,14,Jan-19,01/01/2019,Region of CCG,NA,NA,Y56,LONDON COMMISSIONING REGION,E12000007,14800,87910,102710,83475,185660,179135,364795,43520,719590,80590,15705,88290,103995,107915,219555,237050,456610,52985,993200,106465,4243955
2018-19,14,Jan-19,01/01/2019,Region of CCG,NA,NA,Y58,SOUTH WEST COMMISSIONING REGION,E12000009,11505,67625,79130,64330,85290,84405,169695,10540,345140,22125,11825,67655,79480,74455,111165,133075,244240,16190,517625,34470,2229965
2018-19,14,Jan-19,01/01/2019,Region of CCG,NA,NA,Y59,SOUTH EAST COMMISSIONING REGION,E12000008,17705,92145,109855,91170,177135,164435,341570,20815,591620,41465,18145,92205,110350,105615,217025,242855,459875,28275,931945,61270,3915475
2018-19,14,Feb-19,01/02/2019,Region of CCG,NA,NA,Y56,LONDON COMMISSIONING REGION,E12000007,14680,81500,96180,76155,168625,159420,328040,37910,642420,70685,15385,81920,97305,98455,198520,210800,409320,46120,875630,94305,3803375
2018-19,14,Feb-19,01/02/2019,Region of CCG,NA,NA,Y58,SOUTH WEST COMMISSIONING REGION,E12000009,11055,60255,71310,56215,74420,74710,149135,9200,298270,18785,11290,60280,71570,65230,95950,115940,211885,13980,449555,29405,1948440
2018-19,14,Feb-19,01/02/2019,Region of CCG,NA,NA,Y59,SOUTH EAST COMMISSIONING REGION,E12000008,17365,83040,100405,82285,160980,148745,309725,17650,520935,34165,17755,83085,100840,95335,195290,217210,412500,23750,818470,50685,3490215
2018-19,14,Mar-19,01/03/2019,Region of CCG,NA,NA,Y56,LONDON COMMISSIONING REGION,E12000007,16180,86525,102705,83390,178840,168125,346965,39380,674055,70480,17060,86870,103930,108065,210160,221710,431870,47725,918830,94630,4007495
2018-19,14,Mar-19,01/03/2019,Region of CCG,NA,NA,Y58,SOUTH WEST COMMISSIONING REGION,E12000009,13015,65290,78305,61570,79875,80030,159905,9455,312545,19020,13280,65330,78610,71650,102920,124100,227020,14475,470555,29570,2076520
2018-19,14,Mar-19,01/03/2019,Region of CCG,NA,NA,Y59,SOUTH EAST COMMISSIONING REGION,E12000008,19590,89290,108880,91605,169740,153380,323125,18065,549625,35595,19980,89325,109305,105725,205660,225590,431255,24460,863550,52730,3686475
2019-20,14,Apr-19,01/04/2019,Region of CCG,NA,NA,Y56,LONDON COMMISSIONING REGION,E12000007,16395,78665,95060,80905,168545,183140,351685,39175,637535,72680,17200,79060,96260,105465,199785,236770,436550,48440,881825,99280,3924420
2019-20,14,Apr-19,01/04/2019,Region of CCG,NA,NA,Y58,SOUTH WEST COMMISSIONING REGION,E12000009,11980,62115,74090,60305,78825,80060,158890,9520,306970,19405,12190,62140,74330,69930,102680,124785,227465,14850,467655,31175,2049360
2019-20,14,Apr-19,01/04/2019,Region of CCG,NA,NA,Y59,SOUTH EAST COMMISSIONING REGION,E12000008,17640,83695,101335,87465,158655,155350,314010,17840,538580,34985,18025,83745,101770,101360,195320,228665,423985,24750,853920,52810,3593905
2019-20,14,Apr-19,01/04/2019,Region of CCG,NA,NA,Y60,MIDLANDS COMMISSIONING REGION,E12000010,21815,118495,140310,117295,184870,165675,350545,23980,642630,45000,22635,118715,141350,138915,250975,253290,504265,35290,992605,68390,4337045
2019-20,14,Apr-19,01/04/2019,Region of CCG,NA,NA,Y61,EAST OF ENGLAND COMMISSIONING REGION,E12000006,13065,69900,82965,65130,108605,97725,206330,13270,382180,27640,13440,69980,83420,78455,128105,142600,270705,17015,590775,38485,2499790
2019-20,14,Apr-19,01/04/2019,Region of CCG,NA,NA,Y62,NORTH WEST COMMISSIONING REGION,E12000002,14180,83500,97680,86350,124325,110550,234875,21050,551750,46200,14390,83535,97925,102360,148105,154645,302750,29200,764895,66545,3134810
2019-20,14,Apr-19,01/04/2019,Region of CCG,NA,NA,Y63,NORTH EAST AND YORKSHIRE COMMISSIONING REGION,E12000011,17495,103975,121470,95805,146925,146235,293160,19475,583645,45045,18110,104130,122240,114190,168775,181765,350535,24620,775620,60375,3493590
2019-20,14,May-19,01/05/2019,Region of CCG,NA,NA,Y56,LONDON COMMISSIONING REGION,E12000007,18990,83780,102775,83525,177650,198735,376385,41945,676415,77595,19805,84150,103955,108995,210310,257350,467660,51565,934210,105365,4181160
2019-20,14,May-19,01/05/2019,Region of CCG,NA,NA,Y58,SOUTH WEST COMMISSIONING REGION,E12000009,12660,65390,78050,62640,82180,84080,166260,10295,320590,21485,12965,65400,78365,73040,107690,131205,238890,15925,488920,34020,2150050
2019-20,14,May-19,01/05/2019,Region of CCG,NA,NA,Y59,SOUTH EAST COMMISSIONING REGION,E12000008,19365,89305,108670,90865,166105,165380,331485,19820,565950,38080,19710,89365,109075,105565,204200,242835,447035,27080,897610,57200,3794700
2019-20,14,May-19,01/05/2019,Region of CCG,NA,NA,Y60,MIDLANDS COMMISSIONING REGION,E12000010,23560,124735,148295,121165,191995,171980,363980,25430,670140,47380,24470,125010,149480,144850,260455,263990,524445,35715,1031415,71415,4519905
2019-20,14,May-19,01/05/2019,Region of CCG,NA,NA,Y61,EAST OF ENGLAND COMMISSIONING REGION,E12000006,14215,72985,87205,67555,114540,104105,218650,14665,399885,30335,14570,73065,87635,81410,133770,151120,284890,18785,618800,41705,2629890
2019-20,14,May-19,01/05/2019,Region of CCG,NA,NA,Y62,NORTH WEST COMMISSIONING REGION,E12000002,15280,89370,104650,90090,127995,116770,244765,22610,571255,49325,15500,89410,104910,107385,152595,162420,315015,31200,792015,70130,3272690
2019-20,14,May-19,01/05/2019,Region of CCG,NA,NA,Y63,NORTH EAST AND YORKSHIRE COMMISSIONING REGION,E12000011,18900,108005,126905,99045,153470,153530,307000,20890,607980,47960,19275,108100,127375,118290,175820,189505,365325,25970,804915,63695,3641955
2019-20,14,Jun-19,01/06/2019,Region of CCG,NA,NA,Y56,LONDON COMMISSIONING REGION,E12000007,18225,79945,98170,79085,170315,192805,363120,40190,644745,73960,18985,80295,99280,103530,200440,247585,448030,49215,883965,99750,3991635
2019-20,14,Jun-19,01/06/2019,Region of CCG,NA,NA,Y58,SOUTH WEST COMMISSIONING REGION,E12000009,12170,62555,74725,58160,79710,80470,160185,10200,307685,20160,12495,62575,75065,68215,104215,125575,229790,15340,466630,31780,2057700
2019-20,14,Jun-19,01/06/2019,Region of CCG,NA,NA,Y59,SOUTH EAST COMMISSIONING REGION,E12000008,18405,85540,103945,86745,159560,156750,316305,18885,530235,37430,18735,85590,104325,101190,196085,229285,425365,25655,839965,55575,3595570
2019-20,14,Jun-19,01/06/2019,Region of CCG,NA,NA,Y60,MIDLANDS COMMISSIONING REGION,E12000010,22770,117480,140250,114210,183925,162305,346230,24245,632590,44885,23550,117725,141280,137190,249660,247865,497520,34160,969090,67600,4274530
2019-20,14,Jun-19,01/06/2019,Region of CCG,NA,NA,Y61,EAST OF ENGLAND COMMISSIONING REGION,E12000006,14095,69425,83520,64010,110920,99660,210580,14375,377385,28625,14470,69480,83950,77700,128905,143915,272820,18150,583485,39370,2504840
2019-20,14,Jun-19,01/06/2019,Region of CCG,NA,NA,Y62,NORTH WEST COMMISSIONING REGION,E12000002,14870,85215,100085,84305,124195,109670,233870,21835,537970,45845,15090,85255,100345,100885,148355,152800,301155,29835,747955,65320,3104855
2019-20,14,Jun-19,01/06/2019,Region of CCG,NA,NA,Y63,NORTH EAST AND YORKSHIRE COMMISSIONING REGION,E12000011,18825,102340,121160,92475,148905,145945,294850,20225,576825,46465,19185,102455,121640,111395,170055,180395,350450,24965,761860,60765,3471180
2019-20,14,Jul-19,01/07/2019,Region of CCG,NA,NA,Y56,LONDON COMMISSIONING REGION,E12000007,19705,88270,107980,82990,191305,213135,404440,45290,719185,81515,20545,88665,109210,108460,223940,274000,497940,55345,988820,110080,4430820
2019-20,14,Jul-19,01/07/2019,Region of CCG,NA,NA,Y58,SOUTH WEST COMMISSIONING REGION,E12000009,12735,69610,82345,60855,87320,89870,177190,11205,338695,21795,13055,69645,82700,71415,113805,140985,254785,17230,516480,34650,2266370
2019-20,14,Jul-19,01/07/2019,Region of CCG,NA,NA,Y59,SOUTH EAST COMMISSIONING REGION,E12000008,19375,94670,114045,90945,176180,174450,350630,20990,588060,39945,19710,94755,114465,105615,217360,255700,473060,28745,936435,60015,3975150
2019-20,14,Jul-19,01/07/2019,Region of CCG,NA,NA,Y60,MIDLANDS COMMISSIONING REGION,E12000010,24535,130655,155190,121235,205515,181630,387140,27515,704945,50800,25260,130840,156100,144555,277955,276120,554075,38805,1088220,76995,4758085
2019-20,14,Jul-19,01/07/2019,Region of CCG,NA,NA,Y61,EAST OF ENGLAND COMMISSIONING REGION,E12000006,14540,77185,91725,69095,123705,108120,231825,16360,422845,32160,14950,77270,92220,84250,143725,157520,301245,20785,652460,44575,2776560
2019-20,14,Jul-19,01/07/2019,Region of CCG,NA,NA,Y62,NORTH WEST COMMISSIONING REGION,E12000002,15565,95105,110670,90620,141175,126110,267285,24785,611370,51345,15820,95175,110995,108385,171115,177365,348475,33425,843780,72245,3510810
2019-20,14,Jul-19,01/07/2019,Region of CCG,NA,NA,Y63,NORTH EAST AND YORKSHIRE COMMISSIONING REGION,E12000011,19260,113880,133140,98575,165450,162400,327850,22620,637080,51390,19595,114010,133605,118735,187885,199920,387805,27735,841295,67335,3829565
2019-20,14,Aug-19,01/08/2019,Region of CCG,NA,NA,Y56,LONDON COMMISSIONING REGION,E12000007,18205,78665,96870,78555,163500,184915,348420,40245,611880,69785,19080,79085,98165,103445,192040,239925,431970,49390,853635,95810,3853585
2019-20,14,Aug-19,01/08/2019,Region of CCG,NA,NA,Y58,SOUTH WEST COMMISSIONING REGION,E12000009,12285,63100,75385,58240,74090,77030,151120,9745,293725,18750,12570,63125,75695,68475,97205,122170,219375,15300,452970,30335,1990690
2019-20,14,Aug-19,01/08/2019,Region of CCG,NA,NA,Y59,SOUTH EAST COMMISSIONING REGION,E12000008,17810,84905,102715,86440,152185,153340,305525,17960,510425,33560,18145,84965,103110,101050,187945,225395,413340,24615,815600,50800,3489830
2019-20,14,Aug-19,01/08/2019,Region of CCG,NA,NA,Y60,MIDLANDS COMMISSIONING REGION,E12000010,22765,117640,140405,114955,175450,157185,332640,23890,609120,44365,23370,117790,141155,138540,238940,239575,478515,33840,950530,67675,4168345
2019-20,14,Aug-19,01/08/2019,Region of CCG,NA,NA,Y61,EAST OF ENGLAND COMMISSIONING REGION,E12000006,13375,69885,83260,65565,105435,94285,199715,14035,367795,28125,13750,69960,83710,79795,122555,137225,259780,17970,572185,39430,2437835
2019-20,14,Aug-19,01/08/2019,Region of CCG,NA,NA,Y62,NORTH WEST COMMISSIONING REGION,E12000002,14390,83975,98365,85320,118940,105445,224390,20710,526175,43210,14615,84010,98625,103145,145170,150430,295600,27820,733520,61065,3034920
2019-20,14,Aug-19,01/08/2019,Region of CCG,NA,NA,Y63,NORTH EAST AND YORKSHIRE COMMISSIONING REGION,E12000011,17860,103190,121050,93345,141045,140590,281635,19490,552100,44870,18275,103285,121560,113350,160975,175545,336520,23910,743755,62510,3374860
2019-20,14,Sep-19,01/09/2019,Region of CCG,NA,NA,Y56,LONDON COMMISSIONING REGION,E12000007,18350,81585,99935,78050,174170,204390,378560,42065,662950,75485,19115,82000,101115,102605,202630,263680,466310,51100,909790,101640,4115525
2019-20,14,Sep-19,01/09/2019,Region of CCG,NA,NA,Y58,SOUTH WEST COMMISSIONING REGION,E12000009,12070,63860,75935,58470,81230,83370,164600,10730,316620,20925,12365,63895,76255,68760,106000,130960,236960,16445,477600,32510,2109560
2019-20,14,Sep-19,01/09/2019,Region of CCG,NA,NA,Y59,SOUTH EAST COMMISSIONING REGION,E12000008,17550,87785,105335,85530,164765,162670,327435,19835,546155,37045,17835,87840,105680,100015,202335,236780,439115,26775,862310,55285,3688075
2019-20,14,Sep-19,01/09/2019,Region of CCG,NA,NA,Y60,MIDLANDS COMMISSIONING REGION,E12000010,22400,119890,142290,114290,189860,168565,358425,25670,656925,47565,23050,120120,143170,137060,257570,254860,512425,36190,1008835,71425,4410585
2019-20,14,Sep-19,01/09/2019,Region of CCG,NA,NA,Y61,EAST OF ENGLAND COMMISSIONING REGION,E12000006,13255,70840,84095,65400,113660,101275,214935,15350,392075,31210,13635,70915,84545,79360,131420,144645,276065,19200,599825,42530,2564235
2019-20,14,Sep-19,01/09/2019,Region of CCG,NA,NA,Y62,NORTH WEST COMMISSIONING REGION,E12000002,14565,86810,101370,86500,130975,115335,246310,23255,570620,49610,14820,86855,101675,103650,158425,162280,320705,30970,785580,68615,3258925
2019-20,14,Sep-19,01/09/2019,Region of CCG,NA,NA,Y63,NORTH EAST AND YORKSHIRE COMMISSIONING REGION,E12000011,17830,105820,123645,92790,153065,149430,302495,21045,595765,48595,18255,105975,124230,112380,174605,186985,361590,25750,793385,66360,3579995
2019-20,14,Oct-19,01/10/2019,Region of CCG,NA,NA,Y56,LONDON COMMISSIONING REGION,E12000007,20020,89815,109835,82950,192185,222140,414330,44615,726865,80410,20875,90320,111195,109180,223570,288490,512065,54645,998295,109275,4501075
2019-20,14,Oct-19,01/10/2019,Region of CCG,NA,NA,Y58,SOUTH WEST COMMISSIONING REGION,E12000009,13610,70325,83930,62955,88835,88555,177385,11375,347410,22210,13950,70370,84320,73580,116945,144030,260980,17765,530330,35080,2313940
2019-20,14,Oct-19,01/10/2019,Region of CCG,NA,NA,Y59,SOUTH EAST COMMISSIONING REGION,E12000008,19680,95895,115570,93010,182685,176395,359075,21075,603030,39375,20050,95960,116010,108075,224785,257335,482120,28725,954540,59100,4052490
2019-20,14,Oct-19,01/10/2019,Region of CCG,NA,NA,Y60,MIDLANDS COMMISSIONING REGION,E12000010,24715,130180,154895,122865,208850,181495,390350,27255,719130,52500,25360,130360,155720,145795,282675,276350,559025,38340,1108480,78420,4812760
2019-20,14,Oct-19,01/10/2019,Region of CCG,NA,NA,Y61,EAST OF ENGLAND COMMISSIONING REGION,E12000006,14510,77845,92355,70580,125200,109855,235050,16610,432810,32750,14885,77915,92800,85180,144475,159280,303750,20825,664795,45045,2816515
2019-20,14,Oct-19,01/10/2019,Region of CCG,NA,NA,Y62,NORTH WEST COMMISSIONING REGION,E12000002,16140,96740,112880,92820,144745,123990,268735,25450,625305,53010,16405,96785,113185,110530,175815,175605,351420,33535,863355,73515,3569965
2019-20,14,Oct-19,01/10/2019,Region of CCG,NA,NA,Y63,NORTH EAST AND YORKSHIRE COMMISSIONING REGION,E12000011,20010,116130,136140,100040,169990,162365,332355,21985,653715,52565,20440,116195,136635,119365,193070,202865,395935,26895,870660,72100,3919455
2019-20,14,Nov-19,01/11/2019,Region of CCG,NA,NA,Y56,LONDON COMMISSIONING REGION,E12000007,19045,84670,103715,81900,180415,210745,391160,41060,683430,72740,19905,85085,104990,106870,208390,274610,483000,50530,936010,99210,4237480
2019-20,14,Nov-19,01/11/2019,Region of CCG,NA,NA,Y58,SOUTH WEST COMMISSIONING REGION,E12000009,13045,68025,81070,61445,83425,81680,165105,10075,329025,20375,13370,68045,81415,71235,109105,132025,241125,15940,501475,32600,2179605
2019-20,14,Nov-19,01/11/2019,Region of CCG,NA,NA,Y59,SOUTH EAST COMMISSIONING REGION,E12000008,19215,92145,111365,90525,172420,166525,338945,20075,571680,36945,19540,92200,111740,104680,212115,242585,454705,27100,898130,55355,3837990
2019-20,14,Nov-19,01/11/2019,Region of CCG,NA,NA,Y60,MIDLANDS COMMISSIONING REGION,E12000010,23475,124960,148440,120250,196165,169710,365875,25730,675210,49125,24085,125155,149240,141985,263710,258840,522550,36355,1039445,73595,4533900
2019-20,14,Nov-19,01/11/2019,Region of CCG,NA,NA,Y61,EAST OF ENGLAND COMMISSIONING REGION,E12000006,13775,74765,88545,68685,118660,102450,221110,15495,407635,30575,14080,74820,88905,82440,137075,148465,285540,19510,627705,41595,2661830
2019-20,14,Nov-19,01/11/2019,Region of CCG,NA,NA,Y62,NORTH WEST COMMISSIONING REGION,E12000002,15395,90290,105685,89220,132965,115495,248465,23240,581485,48670,15640,90340,105985,105770,161425,163275,324700,30610,801595,67380,3317630
2019-20,14,Nov-19,01/11/2019,Region of CCG,NA,NA,Y63,NORTH EAST AND YORKSHIRE COMMISSIONING REGION,E12000011,18815,109340,128150,97685,157035,150315,307350,20435,603375,48110,19150,109480,128635,116370,178155,187405,365560,25040,802105,66325,3638835
2019-20,14,Dec-19,01/12/2019,Region of CCG,NA,NA,Y56,LONDON COMMISSIONING REGION,E12000007,16475,72655,89130,81590,156595,185280,341875,38040,588210,67405,17330,73050,90380,106930,180145,243445,423590,46675,815080,92110,3725990
2019-20,14,Dec-19,01/12/2019,Region of CCG,NA,NA,Y58,SOUTH WEST COMMISSIONING REGION,E12000009,10885,59400,70285,63700,72455,72275,144730,9415,289010,18815,11175,59420,70590,73230,93885,114545,208430,14725,436850,29985,1923805
2019-20,14,Dec-19,01/12/2019,Region of CCG,NA,NA,Y59,SOUTH EAST COMMISSIONING REGION,E12000008,16110,80025,96135,92425,147935,147660,295590,18080,493405,33415,16405,80070,96480,106680,180600,214205,394805,24380,777525,50350,3362280
2019-20,14,Dec-19,01/12/2019,Region of CCG,NA,NA,Y60,MIDLANDS COMMISSIONING REGION,E12000010,20485,111215,131700,120005,170390,151380,321770,24165,589500,44980,20970,111355,132325,141705,230715,231085,461800,33800,909765,67135,4026245
2019-20,14,Dec-19,01/12/2019,Region of CCG,NA,NA,Y61,EAST OF ENGLAND COMMISSIONING REGION,E12000006,11755,65995,77745,69065,101590,91085,192675,14440,347755,27935,12050,66045,78095,82455,117760,131640,249400,17875,544790,38235,2338385
2019-20,14,Dec-19,01/12/2019,Region of CCG,NA,NA,Y62,NORTH WEST COMMISSIONING REGION,E12000002,12915,78360,91275,88210,115220,100410,215635,21700,503300,45730,13165,78400,91560,104775,139700,141325,281025,28525,695790,63235,2910255
2019-20,14,Dec-19,01/12/2019,Region of CCG,NA,NA,Y63,NORTH EAST AND YORKSHIRE COMMISSIONING REGION,E12000011,16135,97080,113215,99310,137270,135175,272445,19665,529505,45430,16480,97185,113665,117700,155285,169230,324515,24150,706430,62420,3252290
2019-20,14,Jan-20,01/01/2020,Region of CCG,NA,NA,Y56,LONDON COMMISSIONING REGION,E12000007,18025,87300,105325,82525,172810,223440,396250,42150,711685,78060,18895,87810,106700,107025,200375,291605,491980,51915,978940,105365,4358180
2019-20,14,Jan-20,01/01/2020,Region of CCG,NA,NA,Y58,SOUTH WEST COMMISSIONING REGION,E12000009,11870,69250,81120,63695,83725,86120,169845,10840,344265,21805,12175,69265,81440,73835,110165,139165,249330,16855,523905,34670,2253340
2019-20,14,Jan-20,01/01/2020,Region of CCG,NA,NA,Y59,SOUTH EAST COMMISSIONING REGION,E12000008,17735,94410,112145,92800,173070,173405,346475,20380,601920,39435,18055,94470,112525,107345,212525,253650,466175,27745,942915,58730,3965910
2019-20,14,Jan-20,01/01/2020,Region of CCG,NA,NA,Y60,MIDLANDS COMMISSIONING REGION,E12000010,21695,128180,149875,120765,200900,175590,376490,26155,710220,51210,22145,128415,150555,142860,273605,271220,544825,37210,1090430,76385,4698730
2019-20,14,Jan-20,01/01/2020,Region of CCG,NA,NA,Y61,EAST OF ENGLAND COMMISSIONING REGION,E12000006,12860,77155,90015,69230,117915,107195,225110,15815,424820,30975,13185,77215,90400,83000,136845,155895,292735,19830,656925,42725,2739845
2019-20,14,Jan-20,01/01/2020,Region of CCG,NA,NA,Y62,NORTH WEST COMMISSIONING REGION,E12000002,14160,94200,108355,87975,133795,122085,255880,24060,615720,52165,14415,94265,108675,105075,162735,171055,333785,31820,845460,71050,3446730
2019-20,14,Jan-20,01/01/2020,Region of CCG,NA,NA,Y63,NORTH EAST AND YORKSHIRE COMMISSIONING REGION,E12000011,17490,114370,131860,99385,157875,157120,314995,21580,642585,51685,17830,114460,132290,118570,180355,197770,378125,26380,854475,71120,3800320
2019-20,14,Feb-20,01/02/2020,Region of CCG,NA,NA,Y56,LONDON COMMISSIONING REGION,E12000007,16300,82865,99165,75495,166215,199820,366035,37055,635370,69270,17210,83300,100510,98685,192230,262645,454875,45780,872840,93250,3968915
2019-20,14,Feb-20,01/02/2020,Region of CCG,NA,NA,Y58,SOUTH WEST COMMISSIONING REGION,E12000009,12105,62935,75045,57685,76145,77340,153485,9120,307390,18190,12410,62960,75370,67195,99005,124600,223605,14160,466565,28930,2024240
2019-20,14,Feb-20,01/02/2020,Region of CCG,NA,NA,Y59,SOUTH EAST COMMISSIONING REGION,E12000008,18175,87645,105825,84685,160305,157300,317605,17660,529075,33860,18495,87705,106200,97965,195835,228140,423970,23900,829780,50470,3574595
2019-20,14,Feb-20,01/02/2020,Region of CCG,NA,NA,Y60,MIDLANDS COMMISSIONING REGION,E12000010,21835,118810,140645,110360,184245,159035,343275,22810,629940,44335,22295,119040,141335,130735,248440,244925,493365,32215,978550,65500,4251690
2019-20,14,Feb-20,01/02/2020,Region of CCG,NA,NA,Y61,EAST OF ENGLAND COMMISSIONING REGION,E12000006,12600,71405,84005,62980,110940,97365,208310,13585,378175,26950,12960,71465,84425,75690,128660,140645,269305,16980,583925,36940,2487310
2019-20,14,Feb-20,01/02/2020,Region of CCG,NA,NA,Y62,NORTH WEST COMMISSIONING REGION,E12000002,14710,86535,101245,80410,124740,108875,233615,20605,549660,43910,14925,86590,101515,95995,152775,154190,306965,27480,755270,60825,3120835
2019-20,14,Feb-20,01/02/2020,Region of CCG,NA,NA,Y63,NORTH EAST AND YORKSHIRE COMMISSIONING REGION,E12000011,17995,103800,121795,90295,144440,143345,287785,19035,567050,43395,18335,103845,122175,107885,163860,178315,342175,23070,754865,60030,3413490
2019-20,14,Mar-20,01/03/2020,Region of CCG,NA,NA,Y56,LONDON COMMISSIONING REGION,E12000007,11905,59490,71395,64895,134875,159935,294810,36770,549685,65540,12925,59850,72780,88625,155745,216620,372360,45525,768095,91175,3333000
2019-20,14,Mar-20,01/03/2020,Region of CCG,NA,NA,Y58,SOUTH WEST COMMISSIONING REGION,E12000009,10050,51020,61070,52730,64660,66990,131655,9815,276140,18240,10365,51040,61410,62220,84335,108550,192885,14610,417295,28550,1773630
2019-20,14,Mar-20,01/03/2020,Region of CCG,NA,NA,Y59,SOUTH EAST COMMISSIONING REGION,E12000008,14335,68060,82395,76525,135640,126885,262530,19165,488600,35055,14705,68105,82810,90480,165115,191565,356685,25745,766475,51425,3122300
2019-20,14,Mar-20,01/03/2020,Region of CCG,NA,NA,Y60,MIDLANDS COMMISSIONING REGION,E12000010,17945,94040,111985,100545,147165,132985,280150,23565,562220,45120,18380,94180,112560,121410,198275,204470,402745,32800,864595,66185,3631320
2019-20,14,Mar-20,01/03/2020,Region of CCG,NA,NA,Y61,EAST OF ENGLAND COMMISSIONING REGION,E12000006,9895,57260,67155,56770,92395,80935,173330,14445,336935,27530,10275,57310,67585,69595,106710,118965,225675,17915,530795,37630,2159105
2019-20,14,Mar-20,01/03/2020,Region of CCG,NA,NA,Y62,NORTH WEST COMMISSIONING REGION,E12000002,12120,66775,78895,73345,107710,92755,200465,22100,500385,45440,12380,66810,79190,89000,130930,133675,264605,28915,687595,62925,2756015
2019-20,14,Mar-20,01/03/2020,Region of CCG,NA,NA,Y63,NORTH EAST AND YORKSHIRE COMMISSIONING REGION,E12000011,14880,86630,101510,82950,127625,122585,250210,19560,524565,44695,15210,86660,101870,101025,144455,154930,299390,23685,700080,61300,3063815
2020-21,14,Apr-20,01/04/2020,Region of CCG,NA,NA,Y56,LONDON COMMISSIONING REGION,E12000007,4545,17150,21695,49270,59830,90240,150070,13690,342165,27940,5555,17360,22915,70665,69705,132480,202190,17840,516095,45945,1877345
2020-21,14,Apr-20,01/04/2020,Region of CCG,NA,NA,Y58,SOUTH WEST COMMISSIONING REGION,E12000009,3370,18845,22215,37205,30185,35545,65730,4150,176665,8300,3650,18860,22510,45895,41540,62445,103990,5775,271120,12640,990635
2020-21,14,Apr-20,01/04/2020,Region of CCG,NA,NA,Y59,SOUTH EAST COMMISSIONING REGION,E12000008,6950,19155,26105,54695,66255,76765,143020,8475,325720,16020,7295,19190,26485,67785,81570,126670,208240,11690,529475,23935,1845495
2020-21,14,Apr-20,01/04/2020,Region of CCG,NA,NA,Y60,MIDLANDS COMMISSIONING REGION,E12000010,6380,34325,40705,72930,62670,68645,131315,9425,374580,20655,6600,34335,40930,92145,85265,109845,195110,13470,574950,32270,2006550
2020-21,14,Apr-20,01/04/2020,Region of CCG,NA,NA,Y61,EAST OF ENGLAND COMMISSIONING REGION,E12000006,3025,20000,23025,39745,38810,42435,81240,4885,212070,11125,3220,20020,23245,50890,46955,66495,113450,6315,358735,16090,1181775
2020-21,14,Apr-20,01/04/2020,Region of CCG,NA,NA,Y62,NORTH WEST COMMISSIONING REGION,E12000002,3485,18190,21675,56270,43475,47560,91035,6295,306245,16365,3635,18200,21835,70285,54640,76235,130870,9345,427545,24360,1447545
2020-21,14,Apr-20,01/04/2020,Region of CCG,NA,NA,Y63,NORTH EAST AND YORKSHIRE COMMISSIONING REGION,E12000011,4305,30245,34550,58620,53635,68395,122030,7180,330000,18785,4620,30250,34870,75060,63425,93185,156610,8755,453460,28750,1676730
2020-21,14,May-20,01/05/2020,Region of CCG,NA,NA,Y56,LONDON COMMISSIONING REGION,E12000007,6075,22450,28525,56700,70190,109600,179790,14540,375135,29430,7040,22655,29690,80595,80305,153775,234080,18410,555625,45585,2120195
2020-21,14,May-20,01/05/2020,Region of CCG,NA,NA,Y58,SOUTH WEST COMMISSIONING REGION,E12000009,4505,23010,27515,46995,35630,42125,77755,4390,194660,9185,4805,23040,27840,56130,45775,69745,115520,6120,294780,13910,1123435
2020-21,14,May-20,01/05/2020,Region of CCG,NA,NA,Y59,SOUTH EAST COMMISSIONING REGION,E12000008,8155,25555,33715,68070,78440,95090,173535,9180,344405,17305,8490,25595,34085,81985,94015,145400,239415,11920,551055,25360,2070770
2020-21,14,May-20,01/05/2020,Region of CCG,NA,NA,Y60,MIDLANDS COMMISSIONING REGION,E12000010,7625,40365,47990,86325,76760,84230,160990,9625,402355,21060,7880,40385,48265,107305,101755,130530,232285,13525,603805,31710,2254770
2020-21,14,May-20,01/05/2020,Region of CCG,NA,NA,Y61,EAST OF ENGLAND COMMISSIONING REGION,E12000006,4075,22790,26865,49865,51005,53085,104085,5560,224580,11835,4285,22825,27110,62100,58965,77540,136500,6685,369245,16215,1335215
2020-21,14,May-20,01/05/2020,Region of CCG,NA,NA,Y62,NORTH WEST COMMISSIONING REGION,E12000002,4130,22170,26300,67290,52335,59635,111970,6990,325190,16985,4295,22180,26475,82565,62605,87540,150145,9820,446260,24690,1609570
2020-21,14,May-20,01/05/2020,Region of CCG,NA,NA,Y63,NORTH EAST AND YORKSHIRE COMMISSIONING REGION,E12000011,5230,34100,39330,70000,56045,79640,135690,7385,343755,19625,5565,34115,39680,87980,64970,103425,168395,8800,464405,29040,1797175
2020-21,14,Jun-20,01/06/2020,Region of CCG,NA,NA,Y56,LONDON COMMISSIONING REGION,E12000007,8645,35105,43750,64390,98220,151670,249890,20930,510830,40130,9635,35495,45130,88135,112085,203690,315770,25685,717220,57575,2833980
2020-21,14,Jun-20,01/06/2020,Region of CCG,NA,NA,Y58,SOUTH WEST COMMISSIONING REGION,E12000009,6125,34295,40420,52050,47730,57520,105250,5940,250590,12495,6450,34320,40770,61085,61545,92755,154300,8525,372485,18720,1463370
2020-21,14,Jun-20,01/06/2020,Region of CCG,NA,NA,Y59,SOUTH EAST COMMISSIONING REGION,E12000008,10920,40215,51135,74330,105865,129360,235225,12185,445410,23790,11245,40245,51495,88215,126065,191285,317350,15635,692080,34120,2696170
2020-21,14,Jun-20,01/06/2020,Region of CCG,NA,NA,Y60,MIDLANDS COMMISSIONING REGION,E12000010,10305,56590,66895,95765,106790,114805,221595,13610,521465,29880,10585,56615,67200,116930,141035,176215,317250,19195,774095,44000,2960820
2020-21,14,Jun-20,01/06/2020,Region of CCG,NA,NA,Y61,EAST OF ENGLAND COMMISSIONING REGION,E12000006,5840,33830,39670,54955,70090,72105,142200,8475,300490,17060,6070,33880,39955,67315,80795,102520,183315,10095,470280,22895,1761835
2020-21,14,Jun-20,01/06/2020,Region of CCG,NA,NA,Y62,NORTH WEST COMMISSIONING REGION,E12000002,5695,32880,38575,72635,74675,84500,159175,11085,434750,25010,5885,32895,38780,88480,88375,126230,214605,14850,582590,35780,2167450
2020-21,14,Jun-20,01/06/2020,Region of CCG,NA,NA,Y63,NORTH EAST AND YORKSHIRE COMMISSIONING REGION,E12000011,7320,49450,56775,76255,80340,102825,183165,10495,445340,27310,7640,49465,57105,94065,91285,132605,223890,12305,592105,39670,2339410
2020-21,14,Jul-20,01/07/2020,Region of CCG,NA,NA,Y56,LONDON COMMISSIONING REGION,E12000007,11945,49635,61575,70155,108245,171990,280235,24065,573920,49370,13045,50155,63200,95585,124470,229855,354325,29700,805695,70620,3237785
2020-21,14,Jul-20,01/07/2020,Region of CCG,NA,NA,Y58,SOUTH WEST COMMISSIONING REGION,E12000009,8020,43540,51565,56155,53720,64650,118370,7240,264800,14370,8400,43585,51980,65730,71060,107615,178675,10710,401025,22700,1643910
2020-21,14,Jul-20,01/07/2020,Region of CCG,NA,NA,Y59,SOUTH EAST COMMISSIONING REGION,E12000008,14595,54785,69380,81130,115460,146395,261850,13290,491525,28280,15015,54820,69835,95390,141305,212905,354210,17545,763725,41495,3042935
2020-21,14,Jul-20,01/07/2020,Region of CCG,NA,NA,Y60,MIDLANDS COMMISSIONING REGION,E12000010,13675,73050,86725,105360,121720,129415,251135,16555,559395,35875,13960,73090,87045,127690,166120,200260,366380,23490,845765,53370,3350075
2020-21,14,Jul-20,01/07/2020,Region of CCG,NA,NA,Y61,EAST OF ENGLAND COMMISSIONING REGION,E12000006,7965,44585,52555,60845,77785,86440,164225,10050,331005,20405,8235,44675,52910,73930,90205,121250,211455,12235,522125,27760,2020640
2020-21,14,Jul-20,01/07/2020,Region of CCG,NA,NA,Y62,NORTH WEST COMMISSIONING REGION,E12000002,7770,46080,53850,78305,83800,88550,172355,13770,471075,31420,8000,46110,54110,94410,102275,130330,232605,18645,637415,44290,2415165
2020-21,14,Jul-20,01/07/2020,Region of CCG,NA,NA,Y63,NORTH EAST AND YORKSHIRE COMMISSIONING REGION,E12000011,10265,66065,76335,83135,98160,117280,215440,12845,490010,32920,10640,66085,76725,102095,112090,149105,261195,15300,653010,47370,2696070
2020-21,14,Aug-20,01/08/2020,Region of CCG,NA,NA,Y56,LONDON COMMISSIONING REGION,E12000007,12905,53445,66350,68605,101950,162135,264085,23985,507505,48630,13895,54165,68060,92785,117450,213765,331215,29650,715390,68625,3014595
2020-21,14,Aug-20,01/08/2020,Region of CCG,NA,NA,Y58,SOUTH WEST COMMISSIONING REGION,E12000009,8470,42160,50630,54745,49640,59875,109515,7250,239575,14290,8830,42200,51030,64050,65830,100355,166185,10875,362410,22465,1530380
2020-21,14,Aug-20,01/08/2020,Region of CCG,NA,NA,Y59,SOUTH EAST COMMISSIONING REGION,E12000008,15150,55420,70570,80450,107360,134400,241760,13115,443270,28375,15520,55455,70970,94245,132535,195725,328260,17495,688965,40970,2830010
2020-21,14,Aug-20,01/08/2020,Region of CCG,NA,NA,Y60,MIDLANDS COMMISSIONING REGION,E12000010,14920,75290,90205,101815,113030,119600,232630,16020,491245,35000,15155,75345,90505,123715,157940,184745,342685,22685,754645,52610,3109785
2020-21,14,Aug-20,01/08/2020,Region of CCG,NA,NA,Y61,EAST OF ENGLAND COMMISSIONING REGION,E12000006,9100,44565,53665,59520,70660,82325,152980,9510,293420,20955,9300,44635,53940,72170,83285,114740,198025,11850,470510,28555,1883710
2020-21,14,Aug-20,01/08/2020,Region of CCG,NA,NA,Y62,NORTH WEST COMMISSIONING REGION,E12000002,8930,49060,57985,76240,78805,87260,166065,14270,428245,31545,9170,49080,58250,91985,97900,126130,224030,19185,586385,44770,2305290
2020-21,14,Aug-20,01/08/2020,Region of CCG,NA,NA,Y63,NORTH EAST AND YORKSHIRE COMMISSIONING REGION,E12000011,11245,66460,77710,81735,90430,114425,204855,13005,441285,33260,11585,66475,78060,99955,104650,143795,248445,15700,593600,47920,2544595
2020-21,14,Sep-20,01/09/2020,Region of CCG,NA,NA,Y56,LONDON COMMISSIONING REGION,E12000007,13635,66615,80250,70945,132020,202050,334070,31175,650060,65005,14630,67465,82095,95285,150870,262475,413350,37905,891420,88035,3749355
2020-21,14,Sep-20,01/09/2020,Region of CCG,NA,NA,Y58,SOUTH WEST COMMISSIONING REGION,E12000009,9430,51325,60755,56235,62020,71825,133845,9220,291040,18300,9775,51390,61165,65780,82550,122180,204730,13910,438600,28090,1842165
2020-21,14,Sep-20,01/09/2020,Region of CCG,NA,NA,Y59,SOUTH EAST COMMISSIONING REGION,E12000008,17315,69845,87155,82880,135050,158605,293655,16950,545645,37025,17695,69950,87645,96735,164310,227690,392005,22530,821680,52490,3396855
2020-21,14,Sep-20,01/09/2020,Region of CCG,NA,NA,Y60,MIDLANDS COMMISSIONING REGION,E12000010,16590,90250,106840,106015,139055,143810,282870,21455,597840,45000,16885,90350,107235,127805,191085,222875,413965,29770,905560,65495,3720750
2020-21,14,Sep-20,01/09/2020,Region of CCG,NA,NA,Y61,EAST OF ENGLAND COMMISSIONING REGION,E12000006,10395,55610,66005,61045,91065,99050,190115,13095,362250,27820,10575,55750,66325,73350,106515,137295,243810,16105,566515,37570,2290260
2020-21,14,Sep-20,01/09/2020,Region of CCG,NA,NA,Y62,NORTH WEST COMMISSIONING REGION,E12000002,10495,62280,72775,77270,99835,105130,204965,18995,528935,43285,10785,62350,73130,93335,124415,150325,274745,25010,716325,59005,2813390
2020-21,14,Sep-20,01/09/2020,Region of CCG,NA,NA,Y63,NORTH EAST AND YORKSHIRE COMMISSIONING REGION,E12000011,12850,82610,95460,84910,116340,138630,254970,17295,543580,43180,13135,82655,95790,103525,134810,172655,307465,20565,721675,59575,3101675
2020-21,14,Oct-20,01/10/2020,Region of CCG,NA,NA,Y56,LONDON COMMISSIONING REGION,E12000007,15415,73865,89285,72145,144560,213685,358245,33430,667515,66070,16490,74760,91250,97135,164005,276880,440885,40725,915695,89965,3942005
2020-21,14,Oct-20,01/10/2020,Region of CCG,NA,NA,Y58,SOUTH WEST COMMISSIONING REGION,E12000009,10485,54865,65350,57120,62985,74215,137200,9355,292005,18445,10825,54910,65735,66475,82900,125175,208075,13935,447015,28815,1885885
2020-21,14,Oct-20,01/10/2020,Region of CCG,NA,NA,Y59,SOUTH EAST COMMISSIONING REGION,E12000008,19515,76410,95925,84180,141485,157035,298520,16900,555300,37365,19800,76505,96305,98075,171710,230570,402280,22490,840875,53060,3494305
2020-21,14,Oct-20,01/10/2020,Region of CCG,NA,NA,Y60,MIDLANDS COMMISSIONING REGION,E12000010,18825,98230,117055,106475,146370,146295,292665,21475,594025,45430,19375,98460,117830,128335,201025,227770,428795,29950,907695,67020,3813100
2020-21,14,Oct-20,01/10/2020,Region of CCG,NA,NA,Y61,EAST OF ENGLAND COMMISSIONING REGION,E12000006,11560,62445,74005,61655,93395,101535,194925,12090,369900,29190,11780,62605,74385,74135,110000,143155,253155,15240,582880,39250,2377285
2020-21,14,Oct-20,01/10/2020,Region of CCG,NA,NA,Y62,NORTH WEST COMMISSIONING REGION,E12000002,11610,68610,80220,74595,101080,100255,201335,19180,523780,43830,11935,68645,80585,91150,125400,143395,268795,25280,711470,59585,2810735
2020-21,14,Oct-20,01/10/2020,Region of CCG,NA,NA,Y63,NORTH EAST AND YORKSHIRE COMMISSIONING REGION,E12000011,14560,88255,102815,83895,123920,138245,262165,17930,550310,44770,14905,88310,103215,102525,141975,172960,314935,21410,732495,62125,3181720
2020-21,14,Nov-20,01/11/2020,Region of CCG,NA,NA,Y56,LONDON COMMISSIONING REGION,E12000007,14570,72565,87135,68440,150330,215560,365890,34665,683120,67265,15625,73415,89040,91555,170125,277705,447830,41710,930235,89690,3986470
2020-21,14,Nov-20,01/11/2020,Region of CCG,NA,NA,Y58,SOUTH WEST COMMISSIONING REGION,E12000009,9295,54350,63645,53285,66070,74265,140335,9865,299525,19190,9645,54390,64035,61830,85550,124570,210120,14525,461300,29400,1905190
2020-21,14,Nov-20,01/11/2020,Region of CCG,NA,NA,Y59,SOUTH EAST COMMISSIONING REGION,E12000008,18680,76290,94970,79180,145955,161950,307905,17690,566080,38180,19070,76415,95485,93320,175795,236405,412200,23210,852475,53845,3545100
2020-21,14,Nov-20,01/11/2020,Region of CCG,NA,NA,Y60,MIDLANDS COMMISSIONING REGION,E12000010,13685,95185,108875,99645,149585,138215,287795,24615,591410,51665,14165,95400,109570,119705,202285,216715,419000,34815,925985,77245,3775560
2020-21,14,Nov-20,01/11/2020,Region of CCG,NA,NA,Y61,EAST OF ENGLAND COMMISSIONING REGION,E12000006,11085,61745,72825,57380,98115,101630,199745,12925,379475,29635,11245,61890,73135,69640,115345,143855,259195,16035,593075,39510,2407485
2020-21,14,Nov-20,01/11/2020,Region of CCG,NA,NA,Y62,NORTH WEST COMMISSIONING REGION,E12000002,10060,67860,77915,72135,106560,102325,208885,19960,530325,45015,10350,67915,78265,87700,129985,142965,272945,25900,719490,61030,2837585
2020-21,14,Nov-20,01/11/2020,Region of CCG,NA,NA,Y63,NORTH EAST AND YORKSHIRE COMMISSIONING REGION,E12000011,11390,83745,95135,79215,126905,137185,264090,18645,559075,45815,11660,83765,95425,96850,144585,170805,315395,22085,741250,62795,3165815
2020-21,14,Dec-20,01/12/2020,Region of CCG,NA,NA,Y56,LONDON COMMISSIONING REGION,E12000007,12780,62230,75010,69015,133950,200575,334525,33435,607070,62300,13865,62880,76745,90630,150885,256900,407785,40400,835785,84890,3611655
2020-21,14,Dec-20,01/12/2020,Region of CCG,NA,NA,Y58,SOUTH WEST COMMISSIONING REGION,E12000009,8430,51810,60240,53610,59120,75890,135010,8905,276745,17485,8770,51830,60600,62250,75075,119670,194745,13210,429835,27310,1790540
2020-21,14,Dec-20,01/12/2020,Region of CCG,NA,NA,Y59,SOUTH EAST COMMISSIONING REGION,E12000008,15835,66065,81900,78340,124720,139820,264540,15880,492345,33545,16285,66145,82435,91755,150455,204875,355330,21355,746790,47830,3096245
2020-21,14,Dec-20,01/12/2020,Region of CCG,NA,NA,Y60,MIDLANDS COMMISSIONING REGION,E12000010,12665,89790,102450,100120,137455,125125,262580,21995,538640,47515,13340,89905,103245,119440,184430,195935,380360,31010,851330,71705,3479035
2020-21,14,Dec-20,01/12/2020,Region of CCG,NA,NA,Y61,EAST OF ENGLAND COMMISSIONING REGION,E12000006,9595,55595,65190,56270,85315,94270,179585,12190,340800,27865,9795,55695,65495,67600,100665,132815,233480,15140,541325,37235,2185920
2020-21,14,Dec-20,01/12/2020,Region of CCG,NA,NA,Y62,NORTH WEST COMMISSIONING REGION,E12000002,9760,62755,72515,74325,98545,96130,194675,18905,490230,42440,10045,62805,72850,89265,119070,134375,253445,24355,667675,57815,2651980
2020-21,14,Dec-20,01/12/2020,Region of CCG,NA,NA,Y63,NORTH EAST AND YORKSHIRE COMMISSIONING REGION,E12000011,10975,80730,91705,81725,117880,131770,249650,17560,516565,41660,11260,80750,92010,98880,134035,166665,300700,20890,686015,57540,2988965
2020-21,14,Jan-21,01/01/2021,Region of CCG,NA,NA,Y56,LONDON COMMISSIONING REGION,E12000007,6725,40535,47260,66175,112635,187905,300545,28645,529735,54250,7715,40855,48565,88355,127305,248500,375805,34565,736080,73055,3155210
2020-21,14,Jan-21,01/01/2021,Region of CCG,NA,NA,Y58,SOUTH WEST COMMISSIONING REGION,E12000009,6160,44410,50570,50300,57995,76935,134925,8675,276090,17525,6485,44440,50930,58845,74150,120000,194145,12855,425305,27155,1737895
2020-21,14,Jan-21,01/01/2021,Region of CCG,NA,NA,Y59,SOUTH EAST COMMISSIONING REGION,E12000008,9840,50420,60255,74275,115290,129210,244500,14975,474725,31735,10260,50480,60745,88140,139985,195410,335395,20515,719510,45940,2871605
2020-21,14,Jan-21,01/01/2021,Region of CCG,NA,NA,Y60,MIDLANDS COMMISSIONING REGION,E12000010,8965,79220,88185,97000,126730,117530,244260,19430,516945,43825,9740,79290,89035,116365,171000,187055,358060,28110,816510,67540,3264795
2020-21,14,Jan-21,01/01/2021,Region of CCG,NA,NA,Y61,EAST OF ENGLAND COMMISSIONING REGION,E12000006,4830,41420,46250,53295,74375,80245,154620,10345,315650,24340,5020,41490,46510,65140,87910,115585,203495,13140,500530,32265,1916455
2020-21,14,Jan-21,01/01/2021,Region of CCG,NA,NA,Y62,NORTH WEST COMMISSIONING REGION,E12000002,8415,61080,69495,72145,95495,95080,190575,19290,497100,44490,8670,61125,69795,87470,115215,135800,251015,24925,675985,59780,2642945
2020-21,14,Jan-21,01/01/2021,Region of CCG,NA,NA,Y63,NORTH EAST AND YORKSHIRE COMMISSIONING REGION,E12000011,9735,75850,85585,78915,114480,128735,243215,18300,527830,44605,10045,75865,85910,95830,130510,180645,311155,21830,699770,61295,3000105
2020-21,14,Feb-21,01/02/2021,Region of CCG,NA,NA,Y56,LONDON COMMISSIONING REGION,E12000007,8255,47380,55635,62385,127155,190710,317865,26440,554060,52965,9265,47915,57180,84160,142120,246320,388435,31885,764685,70630,3285445
2020-21,14,Feb-21,01/02/2021,Region of CCG,NA,NA,Y58,SOUTH WEST COMMISSIONING REGION,E12000009,6645,45330,51980,49440,59700,71630,131330,7595,278015,15220,6975,45365,52340,57785,74505,112185,186695,10980,423580,23560,1710855
2020-21,14,Feb-21,01/02/2021,Region of CCG,NA,NA,Y59,SOUTH EAST COMMISSIONING REGION,E12000008,11095,57235,68330,73125,120530,136435,256965,13320,472485,28190,11545,57295,68840,86545,144460,199680,344140,18000,705455,40250,2913920
2020-21,14,Feb-21,01/02/2021,Region of CCG,NA,NA,Y60,MIDLANDS COMMISSIONING REGION,E12000010,9110,80235,89340,95270,123680,111955,235635,16130,507665,37875,9865,80305,90170,113415,167715,180040,347755,23705,791625,58370,3169860
2020-21,14,Feb-21,01/02/2021,Region of CCG,NA,NA,Y61,EAST OF ENGLAND COMMISSIONING REGION,E12000006,5945,44925,50870,51795,75640,81215,156855,8760,317145,21495,6155,45010,51170,63105,89085,116315,205405,10900,495955,28380,1926125
2020-21,14,Feb-21,01/02/2021,Region of CCG,NA,NA,Y62,NORTH WEST COMMISSIONING REGION,E12000002,8225,61865,70090,70700,97715,96135,193850,17500,502085,38355,8485,61900,70385,84900,116345,135140,251480,22345,679240,51675,2638415
2020-21,14,Feb-21,01/02/2021,Region of CCG,NA,NA,Y63,NORTH EAST AND YORKSHIRE COMMISSIONING REGION,E12000011,9870,77270,87140,75625,117055,127630,244685,15955,527220,39830,10185,77290,87475,92110,133300,168775,302075,18915,695020,54560,2961985
2020-21,14,Mar-21,01/03/2021,Region of CCG,NA,NA,Y56,LONDON COMMISSIONING REGION,E12000007,11585,67655,79240,74145,160770,217400,378170,32050,685895,63545,12670,68305,80970,98760,179160,287035,466195,38495,945595,84075,4031715
2020-21,14,Mar-21,01/03/2021,Region of CCG,NA,NA,Y58,SOUTH WEST COMMISSIONING REGION,E12000009,9215,57840,67055,59800,76270,84905,161175,9045,348100,18230,9590,57885,67470,68915,93990,134845,228835,13020,523875,27900,2117960
2020-21,14,Mar-21,01/03/2021,Region of CCG,NA,NA,Y59,SOUTH EAST COMMISSIONING REGION,E12000008,15580,76470,92045,87595,155875,168750,324625,16445,592115,36515,16040,76525,92565,103015,186015,245250,431265,22050,877175,50790,3666705
2020-21,14,Mar-21,01/03/2021,Region of CCG,NA,NA,Y60,MIDLANDS COMMISSIONING REGION,E12000010,12645,102290,114935,112855,157770,142080,299850,20240,631295,45540,13545,102375,115915,133940,211715,224090,435810,29115,981025,69425,3956455
2020-21,14,Mar-21,01/03/2021,Region of CCG,NA,NA,Y61,EAST OF ENGLAND COMMISSIONING REGION,E12000006,8760,59705,68465,60715,97160,103160,200320,11090,400150,26655,9000,59810,68805,73785,114405,145640,260045,13670,622075,35200,2438615
2020-21,14,Mar-21,01/03/2021,Region of CCG,NA,NA,Y62,NORTH WEST COMMISSIONING REGION,E12000002,11025,76665,87690,83910,120350,117625,237980,20425,603445,45385,11305,76710,88015,99925,142900,163340,306245,26115,813705,61160,3193920
2020-21,14,Mar-21,01/03/2021,Region of CCG,NA,NA,Y63,NORTH EAST AND YORKSHIRE COMMISSIONING REGION,E12000011,13110,96695,109805,90015,141330,153510,294840,18240,629750,44480,13475,96735,110205,108140,161600,191435,353040,21625,843315,61595,3552940
2021-22,11,Apr-21,01/04/2021,Region of CCG,NA,NA,Y56,LONDON COMMISSIONING REGION,E12000007,10820,70540,81360,75060,149535,191665,341205,32940,667350,63930,11955,71025,82985,98895,168470,263775,432245,40480,926760,86520,3867515
2021-22,11,Apr-21,01/04/2021,Region of CCG,NA,NA,Y58,SOUTH WEST COMMISSIONING REGION,E12000009,9635,54790,64425,59345,66695,83050,149745,8450,307100,17255,10045,54820,64865,68925,84585,130125,214710,12615,468435,26430,1956045
2021-22,11,Apr-21,01/04/2021,Region of CCG,NA,NA,Y59,SOUTH EAST COMMISSIONING REGION,E12000008,13750,76840,90590,87765,144245,170540,314785,16450,562295,34985,14165,76950,91115,103345,174280,247155,421435,22170,834805,49610,3547275
2021-22,11,Apr-21,01/04/2021,Region of CCG,NA,NA,Y60,MIDLANDS COMMISSIONING REGION,E12000010,14025,97940,111960,110485,145825,145610,291435,21015,603610,46095,14815,98140,112955,132370,201175,228535,429710,30720,947175,71025,3854620
2021-22,11,Apr-21,01/04/2021,Region of CCG,NA,NA,Y61,EAST OF ENGLAND COMMISSIONING REGION,E12000006,9640,60300,69940,64240,90515,99565,190085,10875,377470,26595,9845,60380,70225,77010,106870,141590,248455,13680,601470,36285,2365035
2021-22,11,Apr-21,01/04/2021,Region of CCG,NA,NA,Y62,NORTH WEST COMMISSIONING REGION,E12000002,12185,70605,82790,83875,104410,112770,217180,19325,537165,41870,12470,70635,83110,100030,126835,154855,281690,25640,731470,57745,2926655
2021-22,11,Apr-21,01/04/2021,Region of CCG,NA,NA,Y63,NORTH EAST AND YORKSHIRE COMMISSIONING REGION,E12000011,13740,90705,104445,88440,129060,144490,273550,16840,563535,41585,14065,90895,104960,106930,147935,179035,326970,20280,753460,58330,3269250
2021-22,11,May-21,01/05/2021,Region of CCG,NA,NA,Y56,LONDON COMMISSIONING REGION,E12000007,12845,73825,86665,77865,151805,198275,350080,35170,657835,65290,14000,74185,88185,102875,170385,274350,444735,42825,910020,87740,3918955
2021-22,11,May-21,01/05/2021,Region of CCG,NA,NA,Y58,SOUTH WEST COMMISSIONING REGION,E12000009,10230,56265,66495,62000,67680,85590,153275,8790,309835,18455,10595,56305,66895,71880,86045,133380,219425,13100,469850,27260,1993350
2021-22,11,May-21,01/05/2021,Region of CCG,NA,NA,Y59,SOUTH EAST COMMISSIONING REGION,E12000008,16005,80690,96695,92785,146130,175840,321970,16990,567075,35475,16420,80755,97175,108260,175040,253945,428980,22565,838095,50375,3621265
2021-22,11,May-21,01/05/2021,Region of CCG,NA,NA,Y60,MIDLANDS COMMISSIONING REGION,E12000010,16795,102750,119545,113750,150735,147060,297795,21950,598920,46375,17630,102920,120550,136985,208130,231715,439840,31530,948410,70810,3924195
2021-22,11,May-21,01/05/2021,Region of CCG,NA,NA,Y61,EAST OF ENGLAND COMMISSIONING REGION,E12000006,10890,63435,74330,67810,92550,102265,194815,10985,368360,26000,11130,63510,74640,80105,108470,143655,252125,13800,589575,35555,2384005
2021-22,11,May-21,01/05/2021,Region of CCG,NA,NA,Y62,NORTH WEST COMMISSIONING REGION,E12000002,13315,73125,86435,87275,105290,112940,218230,19915,529975,42250,13595,73170,86760,103385,127845,154180,282025,26210,723785,58740,2938445
2021-22,11,May-21,01/05/2021,Region of CCG,NA,NA,Y63,NORTH EAST AND YORKSHIRE COMMISSIONING REGION,E12000011,15625,91650,107270,92390,130345,146395,276740,17110,554540,41690,16005,91870,107875,112145,148970,180890,329855,20470,739410,57915,3279160
2021-22,11,Jun-21,01/06/2021,Region of CCG,NA,NA,Y56,LONDON COMMISSIONING REGION,E12000007,13330,82995,96325,79610,169530,215205,384735,40780,727950,76550,14540,83335,97875,104120,191375,294385,485760,50025,1003000,103050,4314475
2021-22,11,Jun-21,01/06/2021,Region of CCG,NA,NA,Y58,SOUTH WEST COMMISSIONING REGION,E12000009,10265,61070,71335,61790,73865,93890,167755,10360,336690,21220,10710,61115,71825,71590,94110,148885,242995,15600,510135,32255,2167460
2021-22,11,Jun-21,01/06/2021,Region of CCG,NA,NA,Y59,SOUTH EAST COMMISSIONING REGION,E12000008,16220,87755,103975,91945,160685,187275,347955,20855,616555,42725,16665,87800,104465,107300,193215,270830,464050,27630,910775,60675,3919350
2021-22,11,Jun-21,01/06/2021,Region of CCG,NA,NA,Y60,MIDLANDS COMMISSIONING REGION,E12000010,17820,113525,131345,114255,168520,162175,330690,25905,668295,54625,18780,113715,132495,136930,229050,254495,483545,37340,1053705,83340,4330550
2021-22,11,Jun-21,01/06/2021,Region of CCG,NA,NA,Y61,EAST OF ENGLAND COMMISSIONING REGION,E12000006,11120,70755,81875,67865,104185,113500,217685,13735,407005,31885,11380,70835,82215,80470,122530,159630,282160,17235,646115,43655,2635835
2021-22,11,Jun-21,01/06/2021,Region of CCG,NA,NA,Y62,NORTH WEST COMMISSIONING REGION,E12000002,13500,80530,94030,86750,115905,124760,240665,23325,583370,50150,13835,80635,94470,103085,141420,169670,311090,30665,794875,69205,3221935
2021-22,11,Jun-21,01/06/2021,Region of CCG,NA,NA,Y63,NORTH EAST AND YORKSHIRE COMMISSIONING REGION,E12000011,15985,102130,118115,92945,141405,161385,302790,21100,610745,49720,16360,102365,118730,112495,162445,198435,360880,25520,812365,68365,3594280
2021-22,11,Jul-21,01/07/2021,Region of CCG,NA,NA,Y56,LONDON COMMISSIONING REGION,E12000007,13595,79545,93140,78490,163825,202990,366815,41325,693670,75775,14810,79895,94710,104460,185265,277330,462600,50590,960045,102340,4141215
2021-22,11,Jul-21,01/07/2021,Region of CCG,NA,NA,Y58,SOUTH WEST COMMISSIONING REGION,E12000009,10350,58845,69195,60845,68195,87505,155695,10185,317930,21290,10790,58870,69660,71580,87845,140340,228185,15715,487875,32755,2063650
2021-22,11,Jul-21,01/07/2021,Region of CCG,NA,NA,Y59,SOUTH EAST COMMISSIONING REGION,E12000008,16715,85070,101785,90830,150225,179385,329610,20235,587850,41130,17170,85110,102280,107440,181520,260240,441760,27140,868820,58475,3752790
2021-22,11,Jul-21,01/07/2021,Region of CCG,NA,NA,Y60,MIDLANDS COMMISSIONING REGION,E12000010,18200,111325,129525,114785,163320,156035,319355,26360,629510,52865,19260,111515,130780,139145,221700,247045,468740,37760,1008510,81765,4187500
2021-22,11,Jul-21,01/07/2021,Region of CCG,NA,NA,Y61,EAST OF ENGLAND COMMISSIONING REGION,E12000006,11235,68355,79590,65810,97485,107610,205095,13575,385900,31080,11515,68425,79940,79000,115390,153970,269360,17035,618890,42795,2522055
2021-22,11,Jul-21,01/07/2021,Region of CCG,NA,NA,Y62,NORTH WEST COMMISSIONING REGION,E12000002,13415,76880,90295,85330,110420,120355,230775,22610,552135,49365,13755,77000,90755,102900,134460,163595,298055,30150,755545,69340,3087135
2021-22,11,Jul-21,01/07/2021,Region of CCG,NA,NA,Y63,NORTH EAST AND YORKSHIRE COMMISSIONING REGION,E12000011,15525,97720,113240,93275,133850,154560,288410,23835,571330,49855,15885,97920,113805,113900,153185,190510,343695,28185,761725,68490,3428900
2021-22,11,Aug-21,01/08/2021,Region of CCG,NA,NA,Y56,LONDON COMMISSIONING REGION,E12000007,11750,71015,82765,71115,145810,184470,330280,38625,631140,70490,12970,71360,84330,96005,164305,252430,416735,47310,878100,95825,3756830
2021-22,11,Aug-21,01/08/2021,Region of CCG,NA,NA,Y58,SOUTH WEST COMMISSIONING REGION,E12000009,8985,54780,63765,57155,62275,81275,143550,9115,293510,19365,9330,54810,64145,67625,80070,128955,209030,14290,451635,30060,1903725
2021-22,11,Aug-21,01/08/2021,Region of CCG,NA,NA,Y59,SOUTH EAST COMMISSIONING REGION,E12000008,14535,77410,91945,85945,138995,165340,304335,18625,546745,38005,14950,77455,92405,102600,168425,243440,411865,24945,807515,54515,3479995
2021-22,11,Aug-21,01/08/2021,Region of CCG,NA,NA,Y60,MIDLANDS COMMISSIONING REGION,E12000010,15625,102955,118580,110065,141230,141015,282240,23125,578030,48085,16545,103165,119715,134095,196215,225760,421975,33825,930190,75220,3817655
2021-22,11,Aug-21,01/08/2021,Region of CCG,NA,NA,Y61,EAST OF ENGLAND COMMISSIONING REGION,E12000006,9835,62895,72730,61510,88950,98560,187510,12560,353175,28875,10105,62975,73080,74275,105995,141155,247150,15955,573050,40475,2320815
2021-22,11,Aug-21,01/08/2021,Region of CCG,NA,NA,Y62,NORTH WEST COMMISSIONING REGION,E12000002,11450,70195,81645,80990,100025,108795,208820,20705,509275,45370,11745,70270,82015,98025,122090,148470,270560,27670,696435,63385,2827935
2021-22,11,Aug-21,01/08/2021,Region of CCG,NA,NA,Y63,NORTH EAST AND YORKSHIRE COMMISSIONING REGION,E12000011,14080,90100,104180,89050,121820,141325,263145,20220,527900,46380,14465,90310,104770,110370,140465,173975,314440,24180,707300,63440,3161915
2021-22,11,Sep-21,01/09/2021,Region of CCG,NA,NA,Y56,LONDON COMMISSIONING REGION,E12000007,12445,77995,90440,72985,167165,204415,371580,43145,713920,80420,13670,78400,92070,97665,188450,280420,468870,53080,981555,108675,4197365
2021-22,11,Sep-21,01/09/2021,Region of CCG,NA,NA,Y58,SOUTH WEST COMMISSIONING REGION,E12000009,9250,58545,67795,57935,72635,90420,163055,10880,329060,22080,9650,58580,68230,68715,91735,141440,233170,16075,499785,33405,2102440
2021-22,11,Sep-21,01/09/2021,Region of CCG,NA,NA,Y59,SOUTH EAST COMMISSIONING REGION,E12000008,15475,83630,99105,87570,161965,185060,347025,21210,610970,43060,15900,83670,99575,104575,193240,267165,460405,28710,893915,61030,3863255
2021-22,11,Sep-21,01/09/2021,Region of CCG,NA,NA,Y60,MIDLANDS COMMISSIONING REGION,E12000010,15840,109440,125280,112125,170500,161870,332370,26680,646525,56545,16785,109630,126420,136115,228560,252935,481495,38110,1025995,86280,4259500
2021-22,11,Sep-21,01/09/2021,Region of CCG,NA,NA,Y61,EAST OF ENGLAND COMMISSIONING REGION,E12000006,10610,66375,76985,62245,103005,109430,212435,14580,398450,33720,10975,66475,77450,74980,121275,155345,276620,18210,628190,45770,2563125
2021-22,11,Sep-21,01/09/2021,Region of CCG,NA,NA,Y62,NORTH WEST COMMISSIONING REGION,E12000002,12000,76275,88270,82260,115135,122285,237420,23590,574085,51710,12295,76340,88635,99345,139570,165235,304805,30740,775130,70920,3146045
2021-22,11,Sep-21,01/09/2021,Region of CCG,NA,NA,Y63,NORTH EAST AND YORKSHIRE COMMISSIONING REGION,E12000011,15030,98345,113375,91070,137660,157095,294755,22415,597380,52765,15430,98610,114045,112680,157905,192705,350610,26685,792245,71380,3512185
2021-22,11,Oct-21,01/10/2021,Region of CCG,NA,NA,Y56,LONDON COMMISSIONING REGION,E12000007,12950,75865,88815,72695,165060,196035,361095,40535,682620,75400,14175,76265,90440,97590,186330,271370,457700,49660,938865,100870,4054335
2021-22,11,Oct-21,01/10/2021,Region of CCG,NA,NA,Y58,SOUTH WEST COMMISSIONING REGION,E12000009,9300,57020,66320,58600,70545,85615,156160,10545,310595,20005,9705,57070,66775,69300,87765,134345,222110,15375,473780,30500,2011430
2021-22,11,Oct-21,01/10/2021,Region of CCG,NA,NA,Y59,SOUTH EAST COMMISSIONING REGION,E12000008,15535,81690,97225,87635,155830,176080,331910,19585,572980,39145,15990,81730,97715,105140,186270,257040,443310,27070,842470,56340,3690690
2021-22,11,Oct-21,01/10/2021,Region of CCG,NA,NA,Y60,MIDLANDS COMMISSIONING REGION,E12000010,16365,107070,123435,111600,163510,152640,316155,24490,608100,51575,17310,107285,124595,135720,221605,240415,462015,35705,977570,79530,4076690
2021-22,11,Oct-21,01/10/2021,Region of CCG,NA,NA,Y61,EAST OF ENGLAND COMMISSIONING REGION,E12000006,10580,64895,75470,61870,98900,106210,205105,13765,375055,31150,11005,64985,75995,74695,115880,148990,264870,16955,592965,42575,2451915
2021-22,11,Oct-21,01/10/2021,Region of CCG,NA,NA,Y62,NORTH WEST COMMISSIONING REGION,E12000002,12810,71960,84770,76765,106675,110280,216955,21755,523430,46040,13170,72070,85240,93675,129235,150605,279845,28650,703145,62560,2889635
2021-22,11,Oct-21,01/10/2021,Region of CCG,NA,NA,Y63,NORTH EAST AND YORKSHIRE COMMISSIONING REGION,E12000011,15250,95080,110330,92515,132085,146765,278850,23955,567075,49080,15660,95380,111035,113715,151010,180880,331890,28060,752880,67170,3358665
2021-22,11,Nov-21,01/11/2021,Region of CCG,NA,NA,Y56,LONDON COMMISSIONING REGION,E12000007,13070,81285,94355,70825,183225,212145,395365,44845,755455,82300,14130,81745,95875,94830,205670,290665,496340,54840,1031430,109965,4408360
2021-22,11,Nov-21,01/11/2021,Region of CCG,NA,NA,Y58,SOUTH WEST COMMISSIONING REGION,E12000009,9590,62200,71790,57525,79600,95655,175255,11770,348025,22660,9980,62250,72230,67665,99175,147755,246930,17110,527035,33675,2217875
2021-22,11,Nov-21,01/11/2021,Region of CCG,NA,NA,Y59,SOUTH EAST COMMISSIONING REGION,E12000008,15300,87525,102820,85605,174255,186680,360935,21535,637725,43290,15750,87565,103310,101660,209280,272885,482165,29375,934610,61750,4014020
2021-22,11,Nov-21,01/11/2021,Region of CCG,NA,NA,Y60,MIDLANDS COMMISSIONING REGION,E12000010,17070,115425,132495,110720,175740,167295,343035,27385,669340,55745,17990,115665,133650,133855,239705,262930,502635,39410,1069705,85725,4415520
2021-22,11,Nov-21,01/11/2021,Region of CCG,NA,NA,Y61,EAST OF ENGLAND COMMISSIONING REGION,E12000006,10830,69105,79935,61205,104665,120235,224895,14910,411285,34240,11255,69195,80450,72685,122065,168570,290640,18630,646485,46775,2658055
2021-22,11,Nov-21,01/11/2021,Region of CCG,NA,NA,Y62,NORTH WEST COMMISSIONING REGION,E12000002,14590,74870,89455,77380,115530,118670,234200,23360,579105,51045,14875,74995,89870,92940,139315,162015,301330,30645,771335,68725,3124250
2021-22,11,Nov-21,01/11/2021,Region of CCG,NA,NA,Y63,NORTH EAST AND YORKSHIRE COMMISSIONING REGION,E12000011,15380,102720,118105,91750,142470,155440,297910,24765,636000,53315,15780,103115,118895,112070,163445,191410,354855,29295,831040,71800,3629560
2021-22,11,Dec-21,01/12/2021,Region of CCG,NA,NA,Y56,LONDON COMMISSIONING REGION,E12000007,11285,67185,78470,68915,147810,176960,324770,39685,624270,70905,12505,67500,80005,92470,164840,247365,412205,48395,866305,97320,3699165
2021-22,11,Dec-21,01/12/2021,Region of CCG,NA,NA,Y58,SOUTH WEST COMMISSIONING REGION,E12000009,8630,53655,62285,56650,63775,82430,146200,10350,292145,19345,9040,53695,62735,66285,78800,124730,203530,14970,443450,29825,1882525
2021-22,11,Dec-21,01/12/2021,Region of CCG,NA,NA,Y59,SOUTH EAST COMMISSIONING REGION,E12000008,13425,75360,88785,84710,139850,157040,296890,19045,532260,37775,13820,75400,89220,100650,165515,230355,395870,25710,779415,53950,3375045
2021-22,11,Dec-21,01/12/2021,Region of CCG,NA,NA,Y60,MIDLANDS COMMISSIONING REGION,E12000010,14965,102070,117030,110150,146425,142770,289200,25730,565755,48815,15965,102295,118260,133945,198970,223920,422890,36600,902890,76120,3794765
2021-22,11,Dec-21,01/12/2021,Region of CCG,NA,NA,Y61,EAST OF ENGLAND COMMISSIONING REGION,E12000006,9590,58345,67940,60325,89255,92190,181445,14335,338060,27585,10050,58415,68465,71740,104280,133220,237500,17950,541865,38330,2220885
2021-22,11,Dec-21,01/12/2021,Region of CCG,NA,NA,Y62,NORTH WEST COMMISSIONING REGION,E12000002,11930,65080,77010,75630,93375,101130,194505,20790,491445,44335,12230,65215,77450,90795,109395,137220,246610,27020,648905,60195,2650265
2021-22,11,Dec-21,01/12/2021,Region of CCG,NA,NA,Y63,NORTH EAST AND YORKSHIRE COMMISSIONING REGION,E12000011,13725,87460,101180,84630,119225,131395,250620,20535,540510,47365,14125,87725,101850,103525,134630,163715,298345,24555,706900,64130,3096145
2021-22,11,Jan-22,01/01/2022,Region of CCG,NA,NA,Y56,LONDON COMMISSIONING REGION,E12000007,10455,70180,80635,65815,156000,186095,342095,41830,671890,76760,11240,70560,81800,88160,175675,259960,435635,51600,933825,104195,3914405
2021-22,11,Jan-22,01/01/2022,Region of CCG,NA,NA,Y58,SOUTH WEST COMMISSIONING REGION,E12000009,7780,56625,64405,54095,69700,89430,159130,11300,315045,21010,8155,56680,64830,63510,86235,136165,222395,16010,475095,31600,2009195
2021-22,11,Jan-22,01/01/2022,Region of CCG,NA,NA,Y59,SOUTH EAST COMMISSIONING REGION,E12000008,11960,77725,89685,84340,152770,169975,322745,20550,571920,40380,12350,77760,90105,99645,181740,247280,429020,27725,818090,55815,3581580
2021-22,11,Jan-22,01/01/2022,Region of CCG,NA,NA,Y60,MIDLANDS COMMISSIONING REGION,E12000010,13495,101785,115280,105035,151375,152165,303540,25715,600525,51665,14330,102030,116360,129185,214130,237985,452115,37295,967715,80720,3972445
2021-22,11,Jan-22,01/01/2022,Region of CCG,NA,NA,Y61,EAST OF ENGLAND COMMISSIONING REGION,E12000006,8345,60275,68620,57925,93915,101965,195880,15015,366740,29300,8785,60340,69125,68905,110425,144980,255405,18835,581040,40315,2356135
2021-22,11,Jan-22,01/01/2022,Region of CCG,NA,NA,Y62,NORTH WEST COMMISSIONING REGION,E12000002,10035,66955,76990,71245,97310,108270,205575,21875,518360,47165,10360,67070,77430,86750,116905,145755,262660,28580,693000,63110,2775400
2021-22,11,Jan-22,01/01/2022,Region of CCG,NA,NA,Y63,NORTH EAST AND YORKSHIRE COMMISSIONING REGION,E12000011,12625,91760,104385,85320,122665,141210,263875,21420,573935,49735,12970,92015,104985,105020,141565,174560,316120,25675,755285,66945,3262070
2021-22,11,Feb-22,01/02/2022,Region of CCG,NA,NA,Y56,LONDON COMMISSIONING REGION,E12000007,11985,74150,86135,63450,159650,186070,345720,39745,655165,71685,12760,74515,87275,84010,178350,257190,435540,48400,905095,97195,3874085
2021-22,11,Feb-22,01/02/2022,Region of CCG,NA,NA,Y58,SOUTH WEST COMMISSIONING REGION,E12000009,8765,55120,63890,50585,66065,85100,151165,9835,292485,18170,9110,55160,64270,59105,80195,128305,208500,13905,437470,27225,1884425
2021-22,11,Feb-22,01/02/2022,Region of CCG,NA,NA,Y59,SOUTH EAST COMMISSIONING REGION,E12000008,13300,78550,91850,76840,149925,162465,312385,19065,532300,36465,13670,78595,92265,90705,175710,233385,409095,25510,758895,50130,3401105
2021-22,11,Feb-22,01/02/2022,Region of CCG,NA,NA,Y60,MIDLANDS COMMISSIONING REGION,E12000010,15625,105045,120670,103215,155715,151840,307550,23755,582815,46410,16505,105265,121770,125275,212305,235365,447670,34025,924965,72580,3908365
2021-22,11,Feb-22,01/02/2022,Region of CCG,NA,NA,Y61,EAST OF ENGLAND COMMISSIONING REGION,E12000006,9525,62690,72215,54590,96125,98995,195120,14365,348020,26580,9960,62790,72750,64865,111130,139635,250765,17630,547025,36245,2291020
2021-22,11,Feb-22,01/02/2022,Region of CCG,NA,NA,Y62,NORTH WEST COMMISSIONING REGION,E12000002,11895,69940,81835,69540,101370,106330,207705,20025,501790,41965,12255,70065,82325,83605,117420,143470,260890,25930,664485,56445,2729285
2021-22,11,Feb-22,01/02/2022,Region of CCG,NA,NA,Y63,NORTH EAST AND YORKSHIRE COMMISSIONING REGION,E12000011,13825,93790,107615,82580,123985,135165,259150,19235,553375,44180,14175,94080,108255,101470,140580,167315,307895,23185,722725,59660,3172240
