helper,month,date,admission_type,EAST OF ENGLAND COMMISSIONING REGION,LONDON COMMISSIONING REGION,MIDLANDS COMMISSIONING REGION,NATIONAL,NORTH EAST AND YORKSHIRE COMMISSIONING REGION,NORTH WEST COMMISSIONING REGION,SOUTH EAST COMMISSIONING REGION,SOUTH WEST COMMISSIONING REGION
1,,04/01/2018,sas_ordinary_elective,,14390,,109226,,,17260,11620
2,,05/01/2018,sas_ordinary_elective,,16040,,122568,,,19270,13455
3,,06/01/2018,sas_ordinary_elective,,16155,,122302,,,19200,13465
4,,07/01/2018,sas_ordinary_elective,,15460,,120465,,,18495,13070
5,,08/01/2018,sas_ordinary_elective,,14860,,116189,,,18215,12700
6,,09/01/2018,sas_ordinary_elective,,14775,,115790,,,18820,12570
7,,10/01/2018,sas_ordinary_elective,,16070,,126010,,,20215,13485
8,,11/01/2018,sas_ordinary_elective,,16735,,126343,,,20235,13270
9,,12/01/2018,sas_ordinary_elective,,13510,,104502,,,16695,10995
10,,01/01/2019,sas_ordinary_elective,,14800,,110814,,,17705,11505
11,,02/01/2019,sas_ordinary_elective,,14680,,109269,,,17365,11055
12,,03/01/2019,sas_ordinary_elective,,16180,,123193,,,19590,13015
13,,04/01/2019,sas_ordinary_elective,13065,16395,21815,112715,17495,14180,17640,11980
14,,05/01/2019,sas_ordinary_elective,14215,18990,23560,123150,18900,15280,19365,12660
15,,06/01/2019,sas_ordinary_elective,14095,18225,22770,119553,18825,14870,18405,12170
16,,07/01/2019,sas_ordinary_elective,14540,19705,24535,125895,19260,15565,19375,12735
17,,08/01/2019,sas_ordinary_elective,13375,18205,22765,116866,17860,14390,17810,12285
18,,09/01/2019,sas_ordinary_elective,13255,18350,22400,116197,17830,14565,17550,12070
19,,10/01/2019,sas_ordinary_elective,14510,20020,24715,128895,20010,16140,19680,13610
20,,11/01/2019,sas_ordinary_elective,13775,19045,23475,122926,18815,15395,19215,13045
21,,12/01/2019,sas_ordinary_elective,11755,16475,20485,104901,16135,12915,16110,10885
22,,01/01/2020,sas_ordinary_elective,12860,18025,21695,114011,17490,14160,17735,11870
23,,02/01/2020,sas_ordinary_elective,12600,16300,21835,113907,17995,14710,18175,12105
24,,03/01/2020,sas_ordinary_elective,9895,11905,17945,91260,14880,12120,14335,10050
25,,04/01/2020,sas_ordinary_elective,3025,4545,6380,32082,4305,3485,6950,3370
26,,05/01/2020,sas_ordinary_elective,4075,6075,7625,39834,5230,4130,8155,4505
27,,06/01/2020,sas_ordinary_elective,5840,8645,10305,54910,7320,5695,10920,6125
28,,07/01/2020,sas_ordinary_elective,7965,11945,13675,74320,10265,7770,14595,8020
29,,08/01/2020,sas_ordinary_elective,9100,12905,14920,80818,11245,8930,15150,8470
30,,09/01/2020,sas_ordinary_elective,10395,13635,16590,90819,12850,10495,17315,9430
31,,10/01/2020,sas_ordinary_elective,11560,15415,18825,102101,14560,11610,19515,10485
32,,11/01/2020,sas_ordinary_elective,11085,14570,13685,88893,11390,10060,18680,9295
33,,12/01/2020,sas_ordinary_elective,9595,12780,12665,80135,10975,9760,15835,8430
34,,01/01/2021,sas_ordinary_elective,4830,6725,8965,54731,9735,8415,9840,6160
35,,02/01/2021,sas_ordinary_elective,5945,8255,9110,59226,9870,8225,11095,6645
36,,03/01/2021,sas_ordinary_elective,8760,11585,12645,82027,13110,11025,15580,9215
37,,04/01/2021,sas_ordinary_elective,9640,10820,14025,83915,13740,12185,13750,9635
38,,05/01/2021,sas_ordinary_elective,10890,12845,16795,95819,15625,13315,16005,10230
39,,06/01/2021,sas_ordinary_elective,11120,13330,17820,98373,15985,13500,16220,10265
40,,07/01/2021,sas_ordinary_elective,11235,13595,18200,99172,15525,13415,16715,10350
41,,08/01/2021,sas_ordinary_elective,9835,11750,15625,86368,14080,11450,14535,8985
42,,09/01/2021,sas_ordinary_elective,10610,12445,15840,90791,15030,12000,15475,9250
43,,10/01/2021,sas_ordinary_elective,10580,12950,16365,92916,15250,12810,15535,9300
44,,11/01/2021,sas_ordinary_elective,10830,13070,17070,95954,15380,14590,15300,9590
45,,12/01/2021,sas_ordinary_elective,9590,11285,14965,83629,13725,11930,13425,8630
46,,01/01/2022,sas_ordinary_elective,8345,10455,13495,74772,12625,10035,11960,7780
47,,02/01/2022,sas_ordinary_elective,9525,11985,15625,85016,13825,11895,13300,8765
48,,04/01/2018,sas_daycase_elective,,77645,,579543,,,82385,59600
49,,05/01/2018,sas_daycase_elective,,84450,,622131,,,87810,64020
50,,06/01/2018,sas_daycase_elective,,82500,,607685,,,86880,62095
51,,07/01/2018,sas_daycase_elective,,83795,,620901,,,88620,63110
52,,08/01/2018,sas_daycase_elective,,79735,,601937,,,84785,62040
53,,09/01/2018,sas_daycase_elective,,77200,,575060,,,81300,58680
54,,10/01/2018,sas_daycase_elective,,89065,,661839,,,92545,68000
55,,11/01/2018,sas_daycase_elective,,87685,,648814,,,90760,65780
56,,12/01/2018,sas_daycase_elective,,71895,,536615,,,74125,55010
57,,01/01/2019,sas_daycase_elective,,87910,,651711,,,92145,67625
58,,02/01/2019,sas_daycase_elective,,81500,,592598,,,83040,60255
59,,03/01/2019,sas_daycase_elective,,86525,,631989,,,89290,65290
60,,04/01/2019,sas_daycase_elective,69900,78665,118495,601133,103975,83500,83695,62115
61,,05/01/2019,sas_daycase_elective,72985,83780,124735,634400,108005,89370,89305,65390
62,,06/01/2019,sas_daycase_elective,69425,79945,117480,603302,102340,85215,85540,62555
63,,07/01/2019,sas_daycase_elective,77185,88270,130655,670223,113880,95105,94670,69610
64,,08/01/2019,sas_daycase_elective,69885,78665,117640,602104,103190,83975,84905,63100
65,,09/01/2019,sas_daycase_elective,70840,81585,119890,617374,105820,86810,87785,63860
66,,10/01/2019,sas_daycase_elective,77845,89815,130180,677730,116130,96740,95895,70325
67,,11/01/2019,sas_daycase_elective,74765,84670,124960,645018,109340,90290,92145,68025
68,,12/01/2019,sas_daycase_elective,65995,72655,111215,565408,97080,78360,80025,59400
69,,01/01/2020,sas_daycase_elective,77155,87300,128180,665678,114370,94200,94410,69250
70,,02/01/2020,sas_daycase_elective,71405,82865,118810,614742,103800,86535,87645,62935
71,,03/01/2020,sas_daycase_elective,57260,59490,94040,483775,86630,66775,68060,51020
72,,04/01/2020,sas_daycase_elective,20000,17150,34325,158030,30245,18190,19155,18845
73,,05/01/2020,sas_daycase_elective,22790,22450,40365,190591,34100,22170,25555,23010
74,,06/01/2020,sas_daycase_elective,33830,35105,56590,282624,49450,32880,40215,34295
75,,07/01/2020,sas_daycase_elective,44585,49635,73050,378137,66065,46080,54785,43540
76,,08/01/2020,sas_daycase_elective,44565,53445,75290,386794,66460,49060,55420,42160
77,,09/01/2020,sas_daycase_elective,55610,66615,90250,479064,82610,62280,69845,51325
78,,10/01/2020,sas_daycase_elective,62445,73865,98230,523261,88255,68610,76410,54865
79,,11/01/2020,sas_daycase_elective,61745,72565,95185,512309,83745,67860,76290,54350
80,,12/01/2020,sas_daycase_elective,55595,62230,89790,469490,80730,62755,66065,51810
81,,01/01/2021,sas_daycase_elective,41420,40535,79220,393409,75850,61080,50420,44410
82,,02/01/2021,sas_daycase_elective,44925,47380,80235,414670,77270,61865,57235,45330
83,,03/01/2021,sas_daycase_elective,59705,67655,102290,537886,96695,76665,76470,57840
84,,04/01/2021,sas_daycase_elective,60300,70540,97940,522359,90705,70605,76840,54790
85,,05/01/2021,sas_daycase_elective,63435,73825,102750,542417,91650,73125,80690,56265
86,,06/01/2021,sas_daycase_elective,70755,82995,113525,599442,102130,80530,87755,61070
87,,07/01/2021,sas_daycase_elective,68355,79545,111325,578451,97720,76880,85070,58845
88,,08/01/2021,sas_daycase_elective,62895,71015,102955,529927,90100,70195,77410,54780
89,,09/01/2021,sas_daycase_elective,66375,77995,109440,571244,98345,76275,83630,58545
90,,10/01/2021,sas_daycase_elective,64895,75865,107070,554159,95080,71960,81690,57020
91,,11/01/2021,sas_daycase_elective,69105,81285,115425,593790,102720,74870,87525,62200
92,,12/01/2021,sas_daycase_elective,58345,67185,102070,509718,87460,65080,75360,53655
93,,01/01/2022,sas_daycase_elective,60275,70180,101785,525881,91760,66955,77725,56625
94,,02/01/2022,sas_daycase_elective,62690,74150,105045,539874,93790,69940,78550,55120
95,,04/01/2018,sas_elective_total,,92040,,688769,,,99645,71220
96,,05/01/2018,sas_elective_total,,100490,,744699,,,107080,77475
97,,06/01/2018,sas_elective_total,,98655,,729987,,,106080,75560
98,,07/01/2018,sas_elective_total,,99255,,741366,,,107115,76180
99,,08/01/2018,sas_elective_total,,94595,,718126,,,103005,74740
100,,09/01/2018,sas_elective_total,,91975,,690850,,,100120,71250
101,,10/01/2018,sas_elective_total,,105135,,787849,,,112760,81485
102,,11/01/2018,sas_elective_total,,104420,,775157,,,110995,79055
103,,12/01/2018,sas_elective_total,,85405,,641117,,,90815,66010
104,,01/01/2019,sas_elective_total,,102710,,762525,,,109855,79130
105,,02/01/2019,sas_elective_total,,96180,,701867,,,100405,71310
106,,03/01/2019,sas_elective_total,,102705,,755182,,,108880,78305
107,,04/01/2019,sas_elective_total,82965,95060,140310,713848,121470,97680,101335,74090
108,,05/01/2019,sas_elective_total,87205,102775,148295,757550,126905,104650,108670,78050
109,,06/01/2019,sas_elective_total,83520,98170,140250,722855,121160,100085,103945,74725
110,,07/01/2019,sas_elective_total,91725,107980,155190,796118,133140,110670,114045,82345
111,,08/01/2019,sas_elective_total,83260,96870,140405,718970,121050,98365,102715,75385
112,,09/01/2019,sas_elective_total,84095,99935,142290,733571,123645,101370,105335,75935
113,,10/01/2019,sas_elective_total,92355,109835,154895,806625,136140,112880,115570,83930
114,,11/01/2019,sas_elective_total,88545,103715,148440,767944,128150,105685,111365,81070
115,,12/01/2019,sas_elective_total,77745,89130,131700,670309,113215,91275,96135,70285
116,,01/01/2020,sas_elective_total,90015,105325,149875,779689,131860,108355,112145,81120
117,,02/01/2020,sas_elective_total,84005,99165,140645,728649,121795,101245,105825,75045
118,,03/01/2020,sas_elective_total,67155,71395,111985,575035,101510,78895,82395,61070
119,,04/01/2020,sas_elective_total,23025,21695,40705,190112,34550,21675,26105,22215
120,,05/01/2020,sas_elective_total,26865,28525,47990,230425,39330,26300,33715,27515
121,,06/01/2020,sas_elective_total,39670,43750,66895,337534,56775,38575,51135,40420
122,,07/01/2020,sas_elective_total,52555,61575,86725,452457,76335,53850,69380,51565
123,,08/01/2020,sas_elective_total,53665,66350,90205,467612,77710,57985,70570,50630
124,,09/01/2020,sas_elective_total,66005,80250,106840,569883,95460,72775,87155,60755
125,,10/01/2020,sas_elective_total,74005,89285,117055,625362,102815,80220,95925,65350
126,,11/01/2020,sas_elective_total,72825,87135,108875,601202,95135,77915,94970,63645
127,,12/01/2020,sas_elective_total,65190,75010,102450,549625,91705,72515,81900,60240
128,,01/01/2021,sas_elective_total,46250,47260,88185,448140,85585,69495,60255,50570
129,,02/01/2021,sas_elective_total,50870,55635,89340,473896,87140,70090,68330,51980
130,,03/01/2021,sas_elective_total,68465,79240,114935,619913,109805,87690,92045,67055
131,,04/01/2021,sas_elective_total,69940,81360,111960,606274,104445,82790,90590,64425
132,,05/01/2021,sas_elective_total,74330,86665,119545,638236,107270,86435,96695,66495
133,,06/01/2021,sas_elective_total,81875,96325,131345,697815,118115,94030,103975,71335
134,,07/01/2021,sas_elective_total,79590,93140,129525,677623,113240,90295,101785,69195
135,,08/01/2021,sas_elective_total,72730,82765,118580,616295,104180,81645,91945,63765
136,,09/01/2021,sas_elective_total,76985,90440,125280,662035,113375,88270,99105,67795
137,,10/01/2021,sas_elective_total,75470,88815,123435,647075,110330,84770,97225,66320
138,,11/01/2021,sas_elective_total,79935,94355,132495,689744,118105,89455,102820,71790
139,,12/01/2021,sas_elective_total,67940,78470,117030,593347,101180,77010,88785,62285
140,,01/01/2022,sas_elective_total,68620,80635,115280,600653,104385,76990,89685,64405
141,,02/01/2022,sas_elective_total,72215,86135,120670,624890,107615,81835,91850,63890
142,,04/01/2018,sas_non_elective,,74865,,555711,,,81645,57600
143,,05/01/2018,sas_non_elective,,80880,,589739,,,86610,59815
144,,06/01/2018,sas_non_elective,,78150,,570030,,,84410,57515
145,,07/01/2018,sas_non_elective,,80450,,582792,,,85110,58745
146,,08/01/2018,sas_non_elective,,78170,,574574,,,84150,58490
147,,09/01/2018,sas_non_elective,,77215,,558829,,,80910,56095
148,,10/01/2018,sas_non_elective,,83100,,606920,,,87620,61610
149,,11/01/2018,sas_non_elective,,82540,,603178,,,88780,61770
150,,12/01/2018,sas_non_elective,,82190,,597842,,,87715,62100
151,,01/01/2019,sas_non_elective,,83475,,620261,,,91170,64330
152,,02/01/2019,sas_non_elective,,76155,,556591,,,82285,56215
153,,03/01/2019,sas_non_elective,,83390,,608608,,,91605,61570
154,,04/01/2019,sas_non_elective,65130,80905,117295,593814,95805,86350,87465,60305
155,,05/01/2019,sas_non_elective,67555,83525,121165,615424,99045,90090,90865,62640
156,,06/01/2019,sas_non_elective,64010,79085,114210,579559,92475,84305,86745,58160
157,,07/01/2019,sas_non_elective,69095,82990,121235,614949,98575,90620,90945,60855
158,,08/01/2019,sas_non_elective,65565,78555,114955,582952,93345,85320,86440,58240
159,,09/01/2019,sas_non_elective,65400,78050,114290,581624,92790,86500,85530,58470
160,,10/01/2019,sas_non_elective,70580,82950,122865,625866,100040,92820,93010,62955
161,,11/01/2019,sas_non_elective,68685,81900,120250,610347,97685,89220,90525,61445
162,,12/01/2019,sas_non_elective,69065,81590,120005,614917,99310,88210,92425,63700
163,,01/01/2020,sas_non_elective,69230,82525,120765,616970,99385,87975,92800,63695
164,,02/01/2020,sas_non_elective,62980,75495,110360,562479,90295,80410,84685,57685
165,,03/01/2020,sas_non_elective,56770,64895,100545,508255,82950,73345,76525,52730
166,,04/01/2020,sas_non_elective,39745,49270,72930,369019,58620,56270,54695,37205
167,,05/01/2020,sas_non_elective,49865,56700,86325,445601,70000,67290,68070,46995
168,,06/01/2020,sas_non_elective,54955,64390,95765,490806,76255,72635,74330,52050
169,,07/01/2020,sas_non_elective,60845,70155,105360,535566,83135,78305,81130,56155
170,,08/01/2020,sas_non_elective,59520,68605,101815,523569,81735,76240,80450,54745
171,,09/01/2020,sas_non_elective,61045,70945,106015,539793,84910,77270,82880,56235
172,,10/01/2020,sas_non_elective,61655,72145,106475,540582,83895,74595,84180,57120
173,,11/01/2020,sas_non_elective,57380,68440,99645,509733,79215,72135,79180,53285
174,,12/01/2020,sas_non_elective,56270,69015,100120,513799,81725,74325,78340,53610
175,,01/01/2021,sas_non_elective,53295,66175,97000,492502,78915,72145,74275,50300
176,,02/01/2021,sas_non_elective,51795,62385,95270,478734,75625,70700,73125,49440
177,,03/01/2021,sas_non_elective,60715,74145,112855,569529,90015,83910,87595,59800
178,,04/01/2021,sas_non_elective,64240,75060,110485,569727,88440,83875,87765,59345
179,,05/01/2021,sas_non_elective,67810,77865,113750,594500,92390,87275,92785,62000
180,,06/01/2021,sas_non_elective,67865,79610,114255,595799,92945,86750,91945,61790
181,,07/01/2021,sas_non_elective,65810,78490,114785,590008,93275,85330,90830,60845
182,,08/01/2021,sas_non_elective,61510,71115,110065,556363,89050,80990,85945,57155
183,,09/01/2021,sas_non_elective,62245,72985,112125,566774,91070,82260,87570,57935
184,,10/01/2021,sas_non_elective,61870,72695,111600,562271,92515,76765,87635,58600
185,,11/01/2021,sas_non_elective,61205,70825,110720,555627,91750,77380,85605,57525
186,,12/01/2021,sas_non_elective,60325,68915,110150,541539,84630,75630,84710,56650
187,,01/01/2022,sas_non_elective,57925,65815,105035,524315,85320,71245,84340,54095
188,,02/01/2022,sas_non_elective,54590,63450,103215,501357,82580,69540,76840,50585
189,,04/01/2018,sas_first_attendances_GP_ref,,171235,,971214,,,159445,79405
190,,05/01/2018,sas_first_attendances_GP_ref,,187335,,1059736,,,174785,85045
191,,06/01/2018,sas_first_attendances_GP_ref,,180000,,1020700,,,170185,82625
192,,07/01/2018,sas_first_attendances_GP_ref,,183065,,1032027,,,171245,82735
193,,08/01/2018,sas_first_attendances_GP_ref,,171450,,969359,,,161640,77060
194,,09/01/2018,sas_first_attendances_GP_ref,,168920,,969027,,,159040,76065
195,,10/01/2018,sas_first_attendances_GP_ref,,185480,,1105909,,,180575,87075
196,,11/01/2018,sas_first_attendances_GP_ref,,192525,,1097167,,,182260,86705
197,,12/01/2018,sas_first_attendances_GP_ref,,153375,,871384,,,144755,69380
198,,01/01/2019,sas_first_attendances_GP_ref,,185660,,1061889,,,177135,85290
199,,02/01/2019,sas_first_attendances_GP_ref,,168625,,959304,,,160980,74420
200,,03/01/2019,sas_first_attendances_GP_ref,,178840,,1025059,,,169740,79875
201,,04/01/2019,sas_first_attendances_GP_ref,108605,168545,184870,972567,146925,124325,158655,78825
202,,05/01/2019,sas_first_attendances_GP_ref,114540,177650,191995,1015951,153470,127995,166105,82180
203,,06/01/2019,sas_first_attendances_GP_ref,110920,170315,183925,979445,148905,124195,159560,79710
204,,07/01/2019,sas_first_attendances_GP_ref,123705,191305,205515,1092771,165450,141175,176180,87320
205,,08/01/2019,sas_first_attendances_GP_ref,105435,163500,175450,932317,141045,118940,152185,74090
206,,09/01/2019,sas_first_attendances_GP_ref,113660,174170,189860,1009605,153065,130975,164765,81230
207,,10/01/2019,sas_first_attendances_GP_ref,125200,192185,208850,1114693,169990,144745,182685,88835
208,,11/01/2019,sas_first_attendances_GP_ref,118660,180415,196165,1043070,157035,132965,172420,83425
209,,12/01/2019,sas_first_attendances_GP_ref,101590,156595,170390,903047,137270,115220,147935,72455
210,,01/01/2020,sas_first_attendances_GP_ref,117915,172810,200900,1042043,157875,133795,173070,83725
211,,02/01/2020,sas_first_attendances_GP_ref,110940,166215,184245,968847,144440,124740,160305,76145
212,,03/01/2020,sas_first_attendances_GP_ref,92395,134875,147165,811654,127625,107710,135640,64660
213,,04/01/2020,sas_first_attendances_GP_ref,38810,59830,62670,355477,53635,43475,66255,30185
214,,05/01/2020,sas_first_attendances_GP_ref,51005,70190,76760,421184,56045,52335,78440,35630
215,,06/01/2020,sas_first_attendances_GP_ref,70090,98220,106790,584760,80340,74675,105865,47730
216,,07/01/2020,sas_first_attendances_GP_ref,77785,108245,121720,659940,98160,83800,115460,53720
217,,08/01/2020,sas_first_attendances_GP_ref,70660,101950,113030,612916,90430,78805,107360,49640
218,,09/01/2020,sas_first_attendances_GP_ref,91065,132020,139055,776682,116340,99835,135050,62020
219,,10/01/2020,sas_first_attendances_GP_ref,93395,144560,146370,815195,123920,101080,141485,62985
220,,11/01/2020,sas_first_attendances_GP_ref,98115,150330,149585,845121,126905,106560,145955,66070
221,,12/01/2020,sas_first_attendances_GP_ref,85315,133950,137455,758356,117880,98545,124720,59120
222,,01/01/2021,sas_first_attendances_GP_ref,74375,112635,126730,698258,114480,95495,115290,57995
223,,02/01/2021,sas_first_attendances_GP_ref,75640,127155,123680,722781,117055,97715,120530,59700
224,,03/01/2021,sas_first_attendances_GP_ref,97160,160770,157770,911139,141330,120350,155875,76270
225,,04/01/2021,sas_first_attendances_GP_ref,90515,149535,145825,831762,129060,104410,144245,66695
226,,05/01/2021,sas_first_attendances_GP_ref,92550,151805,150735,845968,130345,105290,146130,67680
227,,06/01/2021,sas_first_attendances_GP_ref,104185,169530,168520,935779,141405,115905,160685,73865
228,,07/01/2021,sas_first_attendances_GP_ref,97485,163825,163320,888918,133850,110420,150225,68195
229,,08/01/2021,sas_first_attendances_GP_ref,88950,145810,141230,800465,121820,100025,138995,62275
230,,09/01/2021,sas_first_attendances_GP_ref,103005,167165,170500,929695,137660,115135,161965,72635
231,,10/01/2021,sas_first_attendances_GP_ref,98900,165060,163510,894122,132085,106675,155830,70545
232,,11/01/2021,sas_first_attendances_GP_ref,104665,183225,175740,977243,142470,115530,174255,79600
233,,12/01/2021,sas_first_attendances_GP_ref,89255,147810,146425,801015,119225,93375,139850,63775
234,,01/01/2022,sas_first_attendances_GP_ref,93915,156000,151375,845123,122665,97310,152770,69700
235,,02/01/2022,sas_first_attendances_GP_ref,96125,159650,155715,854314,123985,101370,149925,66065
236,,04/01/2018,sas_first_attendances_other_ref,,146455,,846413,,,140370,73650
237,,05/01/2018,sas_first_attendances_other_ref,,161550,,922519,,,154125,79080
238,,06/01/2018,sas_first_attendances_other_ref,,159390,,903571,,,153040,76920
239,,07/01/2018,sas_first_attendances_other_ref,,160780,,917521,,,156740,79965
240,,08/01/2018,sas_first_attendances_other_ref,,156075,,865219,,,149240,75815
241,,09/01/2018,sas_first_attendances_other_ref,,149180,,856991,,,147475,73560
242,,10/01/2018,sas_first_attendances_other_ref,,169590,,985167,,,166750,86390
243,,11/01/2018,sas_first_attendances_other_ref,,174620,,966594,,,163320,84480
244,,12/01/2018,sas_first_attendances_other_ref,,143045,,782909,,,134215,67330
245,,01/01/2019,sas_first_attendances_other_ref,,179135,,969586,,,164435,84405
246,,02/01/2019,sas_first_attendances_other_ref,,159420,,866380,,,148745,74710
247,,03/01/2019,sas_first_attendances_other_ref,,168125,,928115,,,153380,80030
248,,04/01/2019,sas_first_attendances_other_ref,97725,183140,165675,940018,146235,110550,155350,80060
249,,05/01/2019,sas_first_attendances_other_ref,104105,198735,171980,995960,153530,116770,165380,84080
250,,06/01/2019,sas_first_attendances_other_ref,99660,192805,162305,948847,145945,109670,156750,80470
251,,07/01/2019,sas_first_attendances_other_ref,108120,213135,181630,1057181,162400,126110,174450,89870
252,,08/01/2019,sas_first_attendances_other_ref,94285,184915,157185,913904,140590,105445,153340,77030
253,,09/01/2019,sas_first_attendances_other_ref,101275,204390,168565,986456,149430,115335,162670,83370
254,,10/01/2019,sas_first_attendances_other_ref,109855,222140,181495,1066168,162365,123990,176395,88555
255,,11/01/2019,sas_first_attendances_other_ref,102450,210745,169710,998238,150315,115495,166525,81680
256,,12/01/2019,sas_first_attendances_other_ref,91085,185280,151380,884482,135175,100410,147660,72275
257,,01/01/2020,sas_first_attendances_other_ref,107195,223440,175590,1046295,157120,122085,173405,86120
258,,02/01/2020,sas_first_attendances_other_ref,97365,199820,159035,944353,143345,108875,157300,77340
259,,03/01/2020,sas_first_attendances_other_ref,80935,159935,132985,784158,122585,92755,126885,66990
260,,04/01/2020,sas_first_attendances_other_ref,42435,90240,68645,430103,68395,47560,76765,35545
261,,05/01/2020,sas_first_attendances_other_ref,53085,109600,84230,524061,79640,59635,95090,42125
262,,06/01/2020,sas_first_attendances_other_ref,72105,151670,114805,713711,102825,84500,129360,57520
263,,07/01/2020,sas_first_attendances_other_ref,86440,171990,129415,805864,117280,88550,146395,64650
264,,08/01/2020,sas_first_attendances_other_ref,82325,162135,119600,760980,114425,87260,134400,59875
265,,09/01/2020,sas_first_attendances_other_ref,99050,202050,143810,920402,138630,105130,158605,71825
266,,10/01/2020,sas_first_attendances_other_ref,101535,213685,146295,932482,138245,100255,157035,74215
267,,11/01/2020,sas_first_attendances_other_ref,101630,215560,138215,932385,137185,102325,161950,74265
268,,12/01/2020,sas_first_attendances_other_ref,94270,200575,125125,864783,131770,96130,139820,75890
269,,01/01/2021,sas_first_attendances_other_ref,80245,187905,117530,816849,128735,95080,129210,76935
270,,02/01/2021,sas_first_attendances_other_ref,81215,190710,111955,816802,127630,96135,136435,71630
271,,03/01/2021,sas_first_attendances_other_ref,103160,217400,142080,988777,153510,117625,168750,84905
272,,04/01/2021,sas_first_attendances_other_ref,99565,191665,145610,948955,144490,112770,170540,83050
273,,05/01/2021,sas_first_attendances_other_ref,102265,198275,147060,969763,146395,112940,175840,85590
274,,06/01/2021,sas_first_attendances_other_ref,113500,215205,162175,1059727,161385,124760,187275,93890
275,,07/01/2021,sas_first_attendances_other_ref,107610,202990,156035,1009868,154560,120355,179385,87505
276,,08/01/2021,sas_first_attendances_other_ref,98560,184470,141015,922143,141325,108795,165340,81275
277,,09/01/2021,sas_first_attendances_other_ref,109430,204415,161870,1032065,157095,122285,185060,90420
278,,10/01/2021,sas_first_attendances_other_ref,106210,196035,152640,975116,146765,110280,176080,85615
279,,11/01/2021,sas_first_attendances_other_ref,120235,212145,167295,1057699,155440,118670,186680,95655
280,,12/01/2021,sas_first_attendances_other_ref,92190,176960,142770,885239,131395,101130,157040,82430
281,,01/01/2022,sas_first_attendances_other_ref,101965,186095,152165,950378,141210,108270,169975,89430
282,,02/01/2022,sas_first_attendances_other_ref,98995,186070,151840,927196,135165,106330,162465,85100
283,,04/01/2018,sas_first_attendances_total,,317690,,1817627,,,299815,153060
284,,05/01/2018,sas_first_attendances_total,,348885,,1982255,,,328910,164125
285,,06/01/2018,sas_first_attendances_total,,339390,,1924271,,,323225,159545
286,,07/01/2018,sas_first_attendances_total,,343845,,1949548,,,327980,162695
287,,08/01/2018,sas_first_attendances_total,,327530,,1834578,,,310885,152875
288,,09/01/2018,sas_first_attendances_total,,318105,,1826018,,,306510,149625
289,,10/01/2018,sas_first_attendances_total,,355070,,2091076,,,347325,173465
290,,11/01/2018,sas_first_attendances_total,,367150,,2063761,,,345580,171180
291,,12/01/2018,sas_first_attendances_total,,296420,,1654293,,,278970,136710
292,,01/01/2019,sas_first_attendances_total,,364795,,2031475,,,341570,169695
293,,02/01/2019,sas_first_attendances_total,,328040,,1825684,,,309725,149135
294,,03/01/2019,sas_first_attendances_total,,346965,,1953174,,,323125,159905
295,,04/01/2019,sas_first_attendances_total,206330,351685,350545,1912585,293160,234875,314010,158890
296,,05/01/2019,sas_first_attendances_total,218650,376385,363980,2011911,307000,244765,331485,166260
297,,06/01/2019,sas_first_attendances_total,210580,363120,346230,1928292,294850,233870,316305,160185
298,,07/01/2019,sas_first_attendances_total,231825,404440,387140,2149952,327850,267285,350630,177190
299,,08/01/2019,sas_first_attendances_total,199715,348420,332640,1846221,281635,224390,305525,151120
300,,09/01/2019,sas_first_attendances_total,214935,378560,358425,1996061,302495,246310,327435,164600
301,,10/01/2019,sas_first_attendances_total,235050,414330,390350,2180861,332355,268735,359075,177385
302,,11/01/2019,sas_first_attendances_total,221110,391160,365875,2041308,307350,248465,338945,165105
303,,12/01/2019,sas_first_attendances_total,192675,341875,321770,1787529,272445,215635,295590,144730
304,,01/01/2020,sas_first_attendances_total,225110,396250,376490,2088338,314995,255880,346475,169845
305,,02/01/2020,sas_first_attendances_total,208310,366035,343275,1913200,287785,233615,317605,153485
306,,03/01/2020,sas_first_attendances_total,173330,294810,280150,1595812,250210,200465,262530,131655
307,,04/01/2020,sas_first_attendances_total,81240,150070,131315,785580,122030,91035,143020,65730
308,,05/01/2020,sas_first_attendances_total,104085,179790,160990,945245,135690,111970,173535,77755
309,,06/01/2020,sas_first_attendances_total,142200,249890,221595,1298471,183165,159175,235225,105250
310,,07/01/2020,sas_first_attendances_total,164225,280235,251135,1465804,215440,172355,261850,118370
311,,08/01/2020,sas_first_attendances_total,152980,264085,232630,1373896,204855,166065,241760,109515
312,,09/01/2020,sas_first_attendances_total,190115,334070,282870,1697084,254970,204965,293655,133845
313,,10/01/2020,sas_first_attendances_total,194925,358245,292665,1747677,262165,201335,298520,137200
314,,11/01/2020,sas_first_attendances_total,199745,365890,287795,1777506,264090,208885,307905,140335
315,,12/01/2020,sas_first_attendances_total,179585,334525,262580,1623139,249650,194675,264540,135010
316,,01/01/2021,sas_first_attendances_total,154620,300545,244260,1515107,243215,190575,244500,134925
317,,02/01/2021,sas_first_attendances_total,156855,317865,235635,1539583,244685,193850,256965,131330
318,,03/01/2021,sas_first_attendances_total,200320,378170,299850,1899916,294840,237980,324625,161175
319,,04/01/2021,sas_first_attendances_total,190085,341205,291435,1780717,273550,217180,314785,149745
320,,05/01/2021,sas_first_attendances_total,194815,350080,297795,1815731,276740,218230,321970,153275
321,,06/01/2021,sas_first_attendances_total,217685,384735,330690,1995506,302790,240665,347955,167755
322,,07/01/2021,sas_first_attendances_total,205095,366815,319355,1898786,288410,230775,329610,155695
323,,08/01/2021,sas_first_attendances_total,187510,330280,282240,1722608,263145,208820,304335,143550
324,,09/01/2021,sas_first_attendances_total,212435,371580,332370,1961760,294755,237420,347025,163055
325,,10/01/2021,sas_first_attendances_total,205105,361095,316155,1869238,278850,216955,331910,156160
326,,11/01/2021,sas_first_attendances_total,224895,395365,343035,2034942,297910,234200,360935,175255
327,,12/01/2021,sas_first_attendances_total,181445,324770,289200,1686254,250620,194505,296890,146200
328,,01/01/2022,sas_first_attendances_total,195880,342095,303540,1795501,263875,205575,322745,159130
329,,02/01/2022,sas_first_attendances_total,195120,345720,307550,1781510,259150,207705,312385,151165
330,,04/01/2018,sas_first_attendances_DNA,,36345,,140602,,,16865,9580
331,,05/01/2018,sas_first_attendances_DNA,,40635,,157126,,,19295,10595
332,,06/01/2018,sas_first_attendances_DNA,,40605,,154650,,,18805,10270
333,,07/01/2018,sas_first_attendances_DNA,,43990,,163024,,,19785,10865
334,,08/01/2018,sas_first_attendances_DNA,,42680,,152793,,,18790,9790
335,,09/01/2018,sas_first_attendances_DNA,,40860,,152439,,,19090,9630
336,,10/01/2018,sas_first_attendances_DNA,,42700,,168160,,,20970,10650
337,,11/01/2018,sas_first_attendances_DNA,,43865,,162289,,,20425,10285
338,,12/01/2018,sas_first_attendances_DNA,,36150,,138061,,,17550,8720
339,,01/01/2019,sas_first_attendances_DNA,,43520,,163637,,,20815,10540
340,,02/01/2019,sas_first_attendances_DNA,,37910,,138847,,,17650,9200
341,,03/01/2019,sas_first_attendances_DNA,,39380,,146528,,,18065,9455
342,,04/01/2019,sas_first_attendances_DNA,13270,39175,23980,144562,19475,21050,17840,9520
343,,05/01/2019,sas_first_attendances_DNA,14665,41945,25430,155891,20890,22610,19820,10295
344,,06/01/2019,sas_first_attendances_DNA,14375,40190,24245,150220,20225,21835,18885,10200
345,,07/01/2019,sas_first_attendances_DNA,16360,45290,27515,169045,22620,24785,20990,11205
346,,08/01/2019,sas_first_attendances_DNA,14035,40245,23890,146341,19490,20710,17960,9745
347,,09/01/2019,sas_first_attendances_DNA,15350,42065,25670,158205,21045,23255,19835,10730
348,,10/01/2019,sas_first_attendances_DNA,16610,44615,27255,168597,21985,25450,21075,11375
349,,11/01/2019,sas_first_attendances_DNA,15495,41060,25730,156390,20435,23240,20075,10075
350,,12/01/2019,sas_first_attendances_DNA,14440,38040,24165,145737,19665,21700,18080,9415
351,,01/01/2020,sas_first_attendances_DNA,15815,42150,26155,161254,21580,24060,20380,10840
352,,02/01/2020,sas_first_attendances_DNA,13585,37055,22810,140080,19035,20605,17660,9120
353,,03/01/2020,sas_first_attendances_DNA,14445,36770,23565,145645,19560,22100,19165,9815
354,,04/01/2020,sas_first_attendances_DNA,4885,13690,9425,54178,7180,6295,8475,4150
355,,05/01/2020,sas_first_attendances_DNA,5560,14540,9625,57763,7385,6990,9180,4390
356,,06/01/2020,sas_first_attendances_DNA,8475,20930,13610,82843,10495,11085,12185,5940
357,,07/01/2020,sas_first_attendances_DNA,10050,24065,16555,97993,12845,13770,13290,7240
358,,08/01/2020,sas_first_attendances_DNA,9510,23985,16020,97350,13005,14270,13115,7250
359,,09/01/2020,sas_first_attendances_DNA,13095,31175,21455,128395,17295,18995,16950,9220
360,,10/01/2020,sas_first_attendances_DNA,12090,33430,21475,130603,17930,19180,16900,9355
361,,11/01/2020,sas_first_attendances_DNA,12925,34665,24615,138606,18645,19960,17690,9865
362,,12/01/2020,sas_first_attendances_DNA,12190,33435,21995,129086,17560,18905,15880,8905
363,,01/01/2021,sas_first_attendances_DNA,10345,28645,19430,119852,18300,19290,14975,8675
364,,02/01/2021,sas_first_attendances_DNA,8760,26440,16130,105879,15955,17500,13320,7595
365,,03/01/2021,sas_first_attendances_DNA,11090,32050,20240,127706,18240,20425,16445,9045
366,,04/01/2021,sas_first_attendances_DNA,10875,32940,21015,126081,16840,19325,16450,8450
367,,05/01/2021,sas_first_attendances_DNA,10985,35170,21950,131119,17110,19915,16990,8790
368,,06/01/2021,sas_first_attendances_DNA,13735,40780,25905,156300,21100,23325,20855,10360
369,,07/01/2021,sas_first_attendances_DNA,13575,41325,26360,158414,23835,22610,20235,10185
370,,08/01/2021,sas_first_attendances_DNA,12560,38625,23125,143213,20220,20705,18625,9115
371,,09/01/2021,sas_first_attendances_DNA,14580,43145,26680,162783,22415,23590,21210,10880
372,,10/01/2021,sas_first_attendances_DNA,13765,40535,24490,154896,23955,21755,19585,10545
373,,11/01/2021,sas_first_attendances_DNA,14910,44845,27385,168868,24765,23360,21535,11770
374,,12/01/2021,sas_first_attendances_DNA,14335,39685,25730,150737,20535,20790,19045,10350
375,,01/01/2022,sas_first_attendances_DNA,15015,41830,25715,157997,21420,21875,20550,11300
376,,02/01/2022,sas_first_attendances_DNA,14365,39745,23755,146272,19235,20025,19065,9835
377,,04/01/2018,sas_subsequent_attendances_seen,,633365,,3578180,,,512620,305710
378,,05/01/2018,sas_subsequent_attendances_seen,,677380,,3819303,,,553040,323620
379,,06/01/2018,sas_subsequent_attendances_seen,,662795,,3685044,,,535250,312975
380,,07/01/2018,sas_subsequent_attendances_seen,,674145,,3747330,,,548270,318970
381,,08/01/2018,sas_subsequent_attendances_seen,,627210,,3547863,,,521190,302275
382,,09/01/2018,sas_subsequent_attendances_seen,,634170,,3539619,,,514165,297520
383,,10/01/2018,sas_subsequent_attendances_seen,,690700,,4031167,,,579130,346665
384,,11/01/2018,sas_subsequent_attendances_seen,,713515,,3987062,,,580860,338950
385,,12/01/2018,sas_subsequent_attendances_seen,,565210,,3150469,,,463475,269940
386,,01/01/2019,sas_subsequent_attendances_seen,,719590,,4008261,,,591620,345140
387,,02/01/2019,sas_subsequent_attendances_seen,,642420,,3539160,,,520935,298270
388,,03/01/2019,sas_subsequent_attendances_seen,,674055,,3745453,,,549625,312545
389,,04/01/2019,sas_subsequent_attendances_seen,382180,637535,642630,3647064,583645,551750,538580,306970
390,,05/01/2019,sas_subsequent_attendances_seen,399885,676415,670140,3816183,607980,571255,565950,320590
391,,06/01/2019,sas_subsequent_attendances_seen,377385,644745,632590,3611307,576825,537970,530235,307685
392,,07/01/2019,sas_subsequent_attendances_seen,422845,719185,704945,4026334,637080,611370,588060,338695
393,,08/01/2019,sas_subsequent_attendances_seen,367795,611880,609120,3474676,552100,526175,510425,293725
394,,09/01/2019,sas_subsequent_attendances_seen,392075,662950,656925,3745061,595765,570620,546155,316620
395,,10/01/2019,sas_subsequent_attendances_seen,432810,726865,719130,4112480,653715,625305,603030,347410
396,,11/01/2019,sas_subsequent_attendances_seen,407635,683430,675210,3855759,603375,581485,571680,329025
397,,12/01/2019,sas_subsequent_attendances_seen,347755,588210,589500,3344081,529505,503300,493405,289010
398,,01/01/2020,sas_subsequent_attendances_seen,424820,711685,710220,4055496,642585,615720,601920,344265
399,,02/01/2020,sas_subsequent_attendances_seen,378175,635370,629940,3600351,567050,549660,529075,307390
400,,03/01/2020,sas_subsequent_attendances_seen,336935,549685,562220,3241944,524565,500385,488600,276140
401,,04/01/2020,sas_subsequent_attendances_seen,212070,342165,374580,2069378,330000,306245,325720,176665
402,,05/01/2020,sas_subsequent_attendances_seen,224580,375135,402355,2212032,343755,325190,344405,194660
403,,06/01/2020,sas_subsequent_attendances_seen,300490,510830,521465,2911488,445340,434750,445410,250590
404,,07/01/2020,sas_subsequent_attendances_seen,331005,573920,559395,3184602,490010,471075,491525,264800
405,,08/01/2020,sas_subsequent_attendances_seen,293420,507505,491245,2847141,441285,428245,443270,239575
406,,09/01/2020,sas_subsequent_attendances_seen,362250,650060,597840,3522827,543580,528935,545645,291040
407,,10/01/2020,sas_subsequent_attendances_seen,369900,667515,594025,3556345,550310,523780,555300,292005
408,,11/01/2020,sas_subsequent_attendances_seen,379475,683120,591410,3612809,559075,530325,566080,299525
409,,12/01/2020,sas_subsequent_attendances_seen,340800,607070,538640,3265639,516565,490230,492345,276745
410,,01/01/2021,sas_subsequent_attendances_seen,315650,529735,516945,3141340,527830,497100,474725,276090
411,,02/01/2021,sas_subsequent_attendances_seen,317145,554060,507665,3161849,527220,502085,472485,278015
412,,03/01/2021,sas_subsequent_attendances_seen,400150,685895,631295,3894799,629750,603445,592115,348100
413,,04/01/2021,sas_subsequent_attendances_seen,377470,667350,603610,3622259,563535,537165,562295,307100
414,,05/01/2021,sas_subsequent_attendances_seen,368360,657835,598920,3590302,554540,529975,567075,309835
415,,06/01/2021,sas_subsequent_attendances_seen,407005,727950,668295,3954740,610745,583370,616555,336690
416,,07/01/2021,sas_subsequent_attendances_seen,385900,693670,629510,3742214,571330,552135,587850,317930
417,,08/01/2021,sas_subsequent_attendances_seen,353175,631140,578030,3443218,527900,509275,546745,293510
418,,09/01/2021,sas_subsequent_attendances_seen,398450,713920,646525,3874457,597380,574085,610970,329060
419,,10/01/2021,sas_subsequent_attendances_seen,375055,682620,608100,3643601,567075,523430,572980,310595
420,,11/01/2021,sas_subsequent_attendances_seen,411285,755455,669340,4041151,636000,579105,637725,348025
421,,12/01/2021,sas_subsequent_attendances_seen,338060,624270,565755,3387845,540510,491445,532260,292145
422,,01/01/2022,sas_subsequent_attendances_seen,366740,671890,600525,3622050,573935,518360,571920,315045
423,,02/01/2022,sas_subsequent_attendances_seen,348020,655165,582815,3469295,553375,501790,532300,292485
424,,04/01/2018,sas_subsequent_attendances_DNA,,70305,,293887,,,33620,19100
425,,05/01/2018,sas_subsequent_attendances_DNA,,77165,,320351,,,37100,20900
426,,06/01/2018,sas_subsequent_attendances_DNA,,74470,,314159,,,36270,20625
427,,07/01/2018,sas_subsequent_attendances_DNA,,80455,,323642,,,37510,21405
428,,08/01/2018,sas_subsequent_attendances_DNA,,75790,,303223,,,35810,19675
429,,09/01/2018,sas_subsequent_attendances_DNA,,74055,,303037,,,36330,19835
430,,10/01/2018,sas_subsequent_attendances_DNA,,77850,,332726,,,40200,22050
431,,11/01/2018,sas_subsequent_attendances_DNA,,79080,,322229,,,38745,20945
432,,12/01/2018,sas_subsequent_attendances_DNA,,63505,,265552,,,32340,17775
433,,01/01/2019,sas_subsequent_attendances_DNA,,80590,,331251,,,41465,22125
434,,02/01/2019,sas_subsequent_attendances_DNA,,70685,,280070,,,34165,18785
435,,03/01/2019,sas_subsequent_attendances_DNA,,70480,,289247,,,35595,19020
436,,04/01/2019,sas_subsequent_attendances_DNA,27640,72680,45000,291289,45045,46200,34985,19405
437,,05/01/2019,sas_subsequent_attendances_DNA,30335,77595,47380,312503,47960,49325,38080,21485
438,,06/01/2019,sas_subsequent_attendances_DNA,28625,73960,44885,297728,46465,45845,37430,20160
439,,07/01/2019,sas_subsequent_attendances_DNA,32160,81515,50800,329359,51390,51345,39945,21795
440,,08/01/2019,sas_subsequent_attendances_DNA,28125,69785,44365,283003,44870,43210,33560,18750
441,,09/01/2019,sas_subsequent_attendances_DNA,31210,75485,47565,310799,48595,49610,37045,20925
442,,10/01/2019,sas_subsequent_attendances_DNA,32750,80410,52500,333220,52565,53010,39375,22210
443,,11/01/2019,sas_subsequent_attendances_DNA,30575,72740,49125,306880,48110,48670,36945,20375
444,,12/01/2019,sas_subsequent_attendances_DNA,27935,67405,44980,284030,45430,45730,33415,18815
445,,01/01/2020,sas_subsequent_attendances_DNA,30975,78060,51210,325701,51685,52165,39435,21805
446,,02/01/2020,sas_subsequent_attendances_DNA,26950,69270,44335,280217,43395,43910,33860,18190
447,,03/01/2020,sas_subsequent_attendances_DNA,27530,65540,45120,281910,44695,45440,35055,18240
448,,04/01/2020,sas_subsequent_attendances_DNA,11125,27940,20655,119324,18785,16365,16020,8300
449,,05/01/2020,sas_subsequent_attendances_DNA,11835,29430,21060,125557,19625,16985,17305,9185
450,,06/01/2020,sas_subsequent_attendances_DNA,17060,40130,29880,175889,27310,25010,23790,12495
451,,07/01/2020,sas_subsequent_attendances_DNA,20405,49370,35875,212883,32920,31420,28280,14370
452,,08/01/2020,sas_subsequent_attendances_DNA,20955,48630,35000,212285,33260,31545,28375,14290
453,,09/01/2020,sas_subsequent_attendances_DNA,27820,65005,45000,279976,43180,43285,37025,18300
454,,10/01/2020,sas_subsequent_attendances_DNA,29190,66070,45430,285457,44770,43830,37365,18445
455,,11/01/2020,sas_subsequent_attendances_DNA,29635,67265,51665,297098,45815,45015,38180,19190
456,,12/01/2020,sas_subsequent_attendances_DNA,27865,62300,47515,273112,41660,42440,33545,17485
457,,01/01/2021,sas_subsequent_attendances_DNA,24340,54250,43825,261033,44605,44490,31735,17525
458,,02/01/2021,sas_subsequent_attendances_DNA,21495,52965,37875,234175,39830,38355,28190,15220
459,,03/01/2021,sas_subsequent_attendances_DNA,26655,63545,45540,280664,44480,45385,36515,18230
460,,04/01/2021,sas_subsequent_attendances_DNA,26595,63930,46095,272658,41585,41870,34985,17255
461,,05/01/2021,sas_subsequent_attendances_DNA,26000,65290,46375,275817,41690,42250,35475,18455
462,,06/01/2021,sas_subsequent_attendances_DNA,31885,76550,54625,327249,49720,50150,42725,21220
463,,07/01/2021,sas_subsequent_attendances_DNA,31080,75775,52865,321767,49855,49365,41130,21290
464,,08/01/2021,sas_subsequent_attendances_DNA,28875,70490,48085,296966,46380,45370,38005,19365
465,,09/01/2021,sas_subsequent_attendances_DNA,33720,80420,56545,340683,52765,51710,43060,22080
466,,10/01/2021,sas_subsequent_attendances_DNA,31150,75400,51575,312783,49080,46040,39145,20005
467,,11/01/2021,sas_subsequent_attendances_DNA,34240,82300,55745,343059,53315,51045,43290,22660
468,,12/01/2021,sas_subsequent_attendances_DNA,27585,70905,48815,296507,47365,44335,37775,19345
469,,01/01/2022,sas_subsequent_attendances_DNA,29300,76760,51665,316413,49735,47165,40380,21010
470,,02/01/2022,sas_subsequent_attendances_DNA,26580,71685,46410,285840,44180,41965,36465,18170
471,,04/01/2018,as_ordinary_elective,,15135,,112193,,,17610,11895
472,,05/01/2018,as_ordinary_elective,,16840,,125743,,,19615,13780
473,,06/01/2018,as_ordinary_elective,,16995,,125672,,,19520,13825
474,,07/01/2018,as_ordinary_elective,,16255,,123844,,,18900,13395
475,,08/01/2018,as_ordinary_elective,,15655,,119520,,,18590,13040
476,,09/01/2018,as_ordinary_elective,,15560,,119053,,,19175,12860
477,,10/01/2018,as_ordinary_elective,,16955,,129650,,,20660,13825
478,,11/01/2018,as_ordinary_elective,,17700,,130247,,,20680,13570
479,,12/01/2018,as_ordinary_elective,,14390,,108016,,,17080,11295
480,,01/01/2019,as_ordinary_elective,,15705,,114505,,,18145,11825
481,,02/01/2019,as_ordinary_elective,,15385,,112485,,,17755,11290
482,,03/01/2019,as_ordinary_elective,,17060,,126850,,,19980,13280
483,,04/01/2019,as_ordinary_elective,13440,17200,22635,116154,18110,14390,18025,12190
484,,05/01/2019,as_ordinary_elective,14570,19805,24470,126479,19275,15500,19710,12965
485,,06/01/2019,as_ordinary_elective,14470,18985,23550,122707,19185,15090,18735,12495
486,,07/01/2019,as_ordinary_elective,14950,20545,25260,129127,19595,15820,19710,13055
487,,08/01/2019,as_ordinary_elective,13750,19080,23370,119983,18275,14615,18145,12570
488,,09/01/2019,as_ordinary_elective,13635,19115,23050,119255,18255,14820,17835,12365
489,,10/01/2019,as_ordinary_elective,14885,20875,25360,132185,20440,16405,20050,13950
490,,11/01/2019,as_ordinary_elective,14080,19905,24085,125941,19150,15640,19540,13370
491,,12/01/2019,as_ordinary_elective,12050,17330,20970,107719,16480,13165,16405,11175
492,,01/01/2020,as_ordinary_elective,13185,18895,22145,116874,17830,14415,18055,12175
493,,02/01/2020,as_ordinary_elective,12960,17210,22295,116821,18335,14925,18495,12410
494,,03/01/2020,as_ordinary_elective,10275,12925,18380,94378,15210,12380,14705,10365
495,,04/01/2020,as_ordinary_elective,3220,5555,6600,34598,4620,3635,7295,3650
496,,05/01/2020,as_ordinary_elective,4285,7040,7880,42397,5565,4295,8490,4805
497,,06/01/2020,as_ordinary_elective,6070,9635,10585,57580,7640,5885,11245,6450
498,,07/01/2020,as_ordinary_elective,8235,13045,13960,77378,10640,8000,15015,8400
499,,08/01/2020,as_ordinary_elective,9300,13895,15155,83559,11585,9170,15520,8830
500,,09/01/2020,as_ordinary_elective,10575,14630,16885,93598,13135,10785,17695,9775
501,,10/01/2020,as_ordinary_elective,11780,16490,19375,105243,14905,11935,19800,10825
502,,11/01/2020,as_ordinary_elective,11245,15625,14165,91889,11660,10350,19070,9645
503,,12/01/2020,as_ordinary_elective,9795,13865,13340,83465,11260,10045,16285,8770
504,,01/01/2021,as_ordinary_elective,5020,7715,9740,58000,10045,8670,10260,6485
505,,02/01/2021,as_ordinary_elective,6155,9265,9865,62562,10185,8485,11545,6975
506,,03/01/2021,as_ordinary_elective,9000,12670,13545,85723,13475,11305,16040,9590
507,,04/01/2021,as_ordinary_elective,9845,11955,14815,87488,14065,12470,14165,10045
508,,05/01/2021,as_ordinary_elective,11130,14000,17630,99488,16005,13595,16420,10595
509,,06/01/2021,as_ordinary_elective,11380,14540,18780,102403,16360,13835,16665,10710
510,,07/01/2021,as_ordinary_elective,11515,14810,19260,103329,15885,13755,17170,10790
511,,08/01/2021,as_ordinary_elective,10105,12970,16545,90226,14465,11745,14950,9330
512,,09/01/2021,as_ordinary_elective,10975,13670,16785,94857,15430,12295,15900,9650
513,,10/01/2021,as_ordinary_elective,11005,14175,17310,97145,15660,13170,15990,9705
514,,11/01/2021,as_ordinary_elective,11255,14130,17990,99887,15780,14875,15750,9980
515,,12/01/2021,as_ordinary_elective,10050,12505,15965,87817,14125,12230,13820,9040
516,,01/01/2022,as_ordinary_elective,8785,11240,14330,78265,12970,10360,12350,8155
517,,02/01/2022,as_ordinary_elective,9960,12760,16505,88536,14175,12255,13670,9110
518,,04/01/2018,as_daycase_elective,,77915,,580161,,,82415,59620
519,,05/01/2018,as_daycase_elective,,84750,,622875,,,87855,64045
520,,06/01/2018,as_daycase_elective,,82800,,608308,,,86910,62115
521,,07/01/2018,as_daycase_elective,,84180,,621751,,,88665,63130
522,,08/01/2018,as_daycase_elective,,80105,,602709,,,84855,62080
523,,09/01/2018,as_daycase_elective,,77525,,575790,,,81330,58710
524,,10/01/2018,as_daycase_elective,,89490,,662718,,,92600,68020
525,,11/01/2018,as_daycase_elective,,88085,,649758,,,90800,65810
526,,12/01/2018,as_daycase_elective,,72250,,537386,,,74155,55025
527,,01/01/2019,as_daycase_elective,,88290,,653188,,,92205,67655
528,,02/01/2019,as_daycase_elective,,81920,,593998,,,83085,60280
529,,03/01/2019,as_daycase_elective,,86870,,633116,,,89325,65330
530,,04/01/2019,as_daycase_elective,69980,79060,118715,602090,104130,83535,83745,62140
531,,05/01/2019,as_daycase_elective,73065,84150,125010,635325,108100,89410,89365,65400
532,,06/01/2019,as_daycase_elective,69480,80295,117725,604184,102455,85255,85590,62575
533,,07/01/2019,as_daycase_elective,77270,88665,130840,671205,114010,95175,94755,69645
534,,08/01/2019,as_daycase_elective,69960,79085,117790,602962,103285,84010,84965,63125
535,,09/01/2019,as_daycase_elective,70915,82000,120120,618388,105975,86855,87840,63895
536,,10/01/2019,as_daycase_elective,77915,90320,130360,678712,116195,96785,95960,70370
537,,11/01/2019,as_daycase_elective,74820,85085,125155,645952,109480,90340,92200,68045
538,,12/01/2019,as_daycase_elective,66045,73050,111355,566204,97185,78400,80070,59420
539,,01/01/2020,as_daycase_elective,77215,87810,128415,666711,114460,94265,94470,69265
540,,02/01/2020,as_daycase_elective,71465,83300,119040,615652,103845,86590,87705,62960
541,,03/01/2020,as_daycase_elective,57310,59850,94180,484458,86660,66810,68105,51040
542,,04/01/2020,as_daycase_elective,20020,17360,34335,158341,30250,18200,19190,18860
543,,05/01/2020,as_daycase_elective,22825,22655,40385,190942,34115,22180,25595,23040
544,,06/01/2020,as_daycase_elective,33880,35495,56615,283183,49465,32895,40245,34320
545,,07/01/2020,as_daycase_elective,44675,50155,73090,378911,66085,46110,54820,43585
546,,08/01/2020,as_daycase_elective,44635,54165,75345,387755,66475,49080,55455,42200
547,,09/01/2020,as_daycase_elective,55750,67465,90350,480439,82655,62350,69950,51390
548,,10/01/2020,as_daycase_elective,62605,74760,98460,524769,88310,68645,76505,54910
549,,11/01/2020,as_daycase_elective,61890,73415,95400,513773,83765,67915,76415,54390
550,,12/01/2020,as_daycase_elective,55695,62880,89905,470530,80750,62805,66145,51830
551,,01/01/2021,as_daycase_elective,41490,40855,79290,394023,75865,61125,50480,44440
552,,02/01/2021,as_daycase_elective,45010,47915,80305,415511,77290,61900,57295,45365
553,,03/01/2021,as_daycase_elective,59810,68305,102375,538911,96735,76710,76525,57885
554,,04/01/2021,as_daycase_elective,60380,71025,98140,523495,90895,70635,76950,54820
555,,05/01/2021,as_daycase_elective,63510,74185,102920,543393,91870,73170,80755,56305
556,,06/01/2021,as_daycase_elective,70835,83335,113715,600479,102365,80635,87800,61115
557,,07/01/2021,as_daycase_elective,68425,79895,111515,579451,97920,77000,85110,58870
558,,08/01/2021,as_daycase_elective,62975,71360,103165,530920,90310,70270,77455,54810
559,,09/01/2021,as_daycase_elective,66475,78400,109630,572353,98610,76340,83670,58580
560,,10/01/2021,as_daycase_elective,64985,76265,107285,555365,95380,72070,81730,57070
561,,11/01/2021,as_daycase_elective,69195,81745,115665,595181,103115,74995,87565,62250
562,,12/01/2021,as_daycase_elective,58415,67500,102295,510819,87725,65215,75400,53695
563,,01/01/2022,as_daycase_elective,60340,70560,102030,527024,92015,67070,77760,56680
564,,02/01/2022,as_daycase_elective,62790,74515,105265,541057,94080,70065,78595,55160
565,,04/01/2018,as_elective_total,,93045,,692354,,,100020,71510
566,,05/01/2018,as_elective_total,,101590,,748618,,,107475,77825
567,,06/01/2018,as_elective_total,,99795,,733980,,,106430,75935
568,,07/01/2018,as_elective_total,,100435,,745595,,,107570,76525
569,,08/01/2018,as_elective_total,,95760,,722229,,,103440,75120
570,,09/01/2018,as_elective_total,,93080,,694843,,,100505,71570
571,,10/01/2018,as_elective_total,,106445,,792368,,,113260,81845
572,,11/01/2018,as_elective_total,,105785,,780005,,,111480,79380
573,,12/01/2018,as_elective_total,,86640,,645402,,,91235,66320
574,,01/01/2019,as_elective_total,,103995,,767693,,,110350,79480
575,,02/01/2019,as_elective_total,,97305,,706483,,,100840,71570
576,,03/01/2019,as_elective_total,,103930,,759966,,,109305,78610
577,,04/01/2019,as_elective_total,83420,96260,141350,718244,122240,97925,101770,74330
578,,05/01/2019,as_elective_total,87635,103955,149480,761804,127375,104910,109075,78365
579,,06/01/2019,as_elective_total,83950,99280,141280,726891,121640,100345,104325,75065
580,,07/01/2019,as_elective_total,92220,109210,156100,800332,133605,110995,114465,82700
581,,08/01/2019,as_elective_total,83710,98165,141155,722945,121560,98625,103110,75695
582,,09/01/2019,as_elective_total,84545,101115,143170,737643,124230,101675,105680,76255
583,,10/01/2019,as_elective_total,92800,111195,155720,810897,136635,113185,116010,84320
584,,11/01/2019,as_elective_total,88905,104990,149240,771893,128635,105985,111740,81415
585,,12/01/2019,as_elective_total,78095,90380,132325,673923,113665,91560,96480,70590
586,,01/01/2020,as_elective_total,90400,106700,150555,783585,132290,108675,112525,81440
587,,02/01/2020,as_elective_total,84425,100510,141335,732473,122175,101515,106200,75370
588,,03/01/2020,as_elective_total,67585,72780,112560,578836,101870,79190,82810,61410
589,,04/01/2020,as_elective_total,23245,22915,40930,192939,34870,21835,26485,22510
590,,05/01/2020,as_elective_total,27110,29690,48265,233339,39680,26475,34085,27840
591,,06/01/2020,as_elective_total,39955,45130,67200,340763,57105,38780,51495,40770
592,,07/01/2020,as_elective_total,52910,63200,87045,456289,76725,54110,69835,51980
593,,08/01/2020,as_elective_total,53940,68060,90505,471314,78060,58250,70970,51030
594,,09/01/2020,as_elective_total,66325,82095,107235,574037,95790,73130,87645,61165
595,,10/01/2020,as_elective_total,74385,91250,117830,630012,103215,80585,96305,65735
596,,11/01/2020,as_elective_total,73135,89040,109570,605662,95425,78265,95485,64035
597,,12/01/2020,as_elective_total,65495,76745,103245,553995,92010,72850,82435,60600
598,,01/01/2021,as_elective_total,46510,48565,89035,452023,85910,69795,60745,50930
599,,02/01/2021,as_elective_total,51170,57180,90170,478073,87475,70385,68840,52340
600,,03/01/2021,as_elective_total,68805,80970,115915,624634,110205,88015,92565,67470
601,,04/01/2021,as_elective_total,70225,82985,112955,610983,104960,83110,91115,64865
602,,05/01/2021,as_elective_total,74640,88185,120550,642881,107875,86760,97175,66895
603,,06/01/2021,as_elective_total,82215,97875,132495,702882,118730,94470,104465,71825
604,,07/01/2021,as_elective_total,79940,94710,130780,682780,113805,90755,102280,69660
605,,08/01/2021,as_elective_total,73080,84330,119715,621146,104770,82015,92405,64145
606,,09/01/2021,as_elective_total,77450,92070,126420,667210,114045,88635,99575,68230
607,,10/01/2021,as_elective_total,75995,90440,124595,652510,111035,85240,97715,66775
608,,11/01/2021,as_elective_total,80450,95875,133650,695068,118895,89870,103310,72230
609,,12/01/2021,as_elective_total,68465,80005,118260,598636,101850,77450,89220,62735
610,,01/01/2022,as_elective_total,69125,81800,116360,605289,104985,77430,90105,64830
611,,02/01/2022,as_elective_total,72750,87275,121770,629593,108255,82325,92265,64270
612,,04/01/2018,as_non_elective,,98065,,676084,,,96080,67750
613,,05/01/2018,as_non_elective,,105805,,717675,,,102195,70465
614,,06/01/2018,as_non_elective,,102190,,693787,,,99615,67635
615,,07/01/2018,as_non_elective,,105505,,710780,,,100640,69225
616,,08/01/2018,as_non_elective,,102515,,700600,,,99070,69060
617,,09/01/2018,as_non_elective,,101360,,683168,,,96000,66325
618,,10/01/2018,as_non_elective,,107585,,733429,,,103235,72015
619,,11/01/2018,as_non_elective,,106510,,725496,,,103215,71705
620,,12/01/2018,as_non_elective,,106790,,718991,,,102215,72035
621,,01/01/2019,as_non_elective,,107915,,742339,,,105615,74455
622,,02/01/2019,as_non_elective,,98455,,666581,,,95335,65230
623,,03/01/2019,as_non_elective,,108065,,730489,,,105725,71650
624,,04/01/2019,as_non_elective,78455,105465,138915,711455,114190,102360,101360,69930
625,,05/01/2019,as_non_elective,81410,108995,144850,740308,118290,107385,105565,73040
626,,06/01/2019,as_non_elective,77700,103530,137190,700878,111395,100885,101190,68215
627,,07/01/2019,as_non_elective,84250,108460,144555,742225,118735,108385,105615,71415
628,,08/01/2019,as_non_elective,79795,103445,138540,708530,113350,103145,101050,68475
629,,09/01/2019,as_non_elective,79360,102605,137060,704605,112380,103650,100015,68760
630,,10/01/2019,as_non_elective,85180,109180,145795,752511,119365,110530,108075,73580
631,,11/01/2019,as_non_elective,82440,106870,141985,730169,116370,105770,104680,71235
632,,12/01/2019,as_non_elective,82455,106930,141705,734269,117700,104775,106680,73230
633,,01/01/2020,as_non_elective,83000,107025,142860,738476,118570,105075,107345,73835
634,,02/01/2020,as_non_elective,75690,98685,130735,674880,107885,95995,97965,67195
635,,03/01/2020,as_non_elective,69595,88625,121410,623028,101025,89000,90480,62220
636,,04/01/2020,as_non_elective,50890,70665,92145,473192,75060,70285,67785,45895
637,,05/01/2020,as_non_elective,62100,80595,107305,559195,87980,82565,81985,56130
638,,06/01/2020,as_non_elective,67315,88135,116930,604851,94065,88480,88215,61085
639,,07/01/2020,as_non_elective,73930,95585,127690,655481,102095,94410,95390,65730
640,,08/01/2020,as_non_elective,72170,92785,123715,639548,99955,91985,94245,64050
641,,09/01/2020,as_non_elective,73350,95285,127805,656520,103525,93335,96735,65780
642,,10/01/2020,as_non_elective,74135,97135,128335,658553,102525,91150,98075,66475
643,,11/01/2020,as_non_elective,69640,91555,119705,621268,96850,87700,93320,61830
644,,12/01/2020,as_non_elective,67600,90630,119440,620375,98880,89265,91755,62250
645,,01/01/2021,as_non_elective,65140,88355,116365,600732,95830,87470,88140,58845
646,,02/01/2021,as_non_elective,63105,84160,113415,582563,92110,84900,86545,57785
647,,03/01/2021,as_non_elective,73785,98760,133940,687144,108140,99925,103015,68915
648,,04/01/2021,as_non_elective,77010,98895,132370,688177,106930,100030,103345,68925
649,,05/01/2021,as_non_elective,80105,102875,136985,716428,112145,103385,108260,71880
650,,06/01/2021,as_non_elective,80470,104120,136930,716796,112495,103085,107300,71590
651,,07/01/2021,as_non_elective,79000,104460,139145,719261,113900,102900,107440,71580
652,,08/01/2021,as_non_elective,74275,96005,134095,683706,110370,98025,102600,67625
653,,09/01/2021,as_non_elective,74980,97665,136115,694893,112680,99345,104575,68715
654,,10/01/2021,as_non_elective,74695,97590,135720,690619,113715,93675,105140,69300
655,,11/01/2021,as_non_elective,72685,94830,133855,676532,112070,92940,101660,67665
656,,12/01/2021,as_non_elective,71740,92470,133945,660079,103525,90795,100650,66285
657,,01/01/2022,as_non_elective,68905,88160,129185,641857,105020,86750,99645,63510
658,,02/01/2022,as_non_elective,64865,84010,125275,609785,101470,83605,90705,59105
659,,04/01/2018,as_first_attendances_GP_ref,,204235,,1194643,,,196960,103220
660,,05/01/2018,as_first_attendances_GP_ref,,221840,,1295120,,,214265,110425
661,,06/01/2018,as_first_attendances_GP_ref,,213460,,1247784,,,208945,106670
662,,07/01/2018,as_first_attendances_GP_ref,,217775,,1262835,,,210845,107830
663,,08/01/2018,as_first_attendances_GP_ref,,203500,,1188827,,,199475,101165
664,,09/01/2018,as_first_attendances_GP_ref,,199080,,1182724,,,194460,99410
665,,10/01/2018,as_first_attendances_GP_ref,,233225,,1368584,,,221900,115215
666,,11/01/2018,as_first_attendances_GP_ref,,227990,,1335723,,,222030,112915
667,,12/01/2018,as_first_attendances_GP_ref,,180940,,1058078,,,175220,89555
668,,01/01/2019,as_first_attendances_GP_ref,,219555,,1301587,,,217025,111165
669,,02/01/2019,as_first_attendances_GP_ref,,198520,,1170127,,,195290,95950
670,,03/01/2019,as_first_attendances_GP_ref,,210160,,1245653,,,205660,102920
671,,04/01/2019,as_first_attendances_GP_ref,128105,199785,250975,1195696,168775,148105,195320,102680
672,,05/01/2019,as_first_attendances_GP_ref,133770,210310,260455,1247005,175820,152595,204200,107690
673,,06/01/2019,as_first_attendances_GP_ref,128905,200440,249660,1199787,170055,148355,196085,104215
674,,07/01/2019,as_first_attendances_GP_ref,143725,223940,277955,1338086,187885,171115,217360,113805
675,,08/01/2019,as_first_attendances_GP_ref,122555,192040,238940,1146634,160975,145170,187945,97205
676,,09/01/2019,as_first_attendances_GP_ref,131420,202630,257570,1235030,174605,158425,202335,106000
677,,10/01/2019,as_first_attendances_GP_ref,144475,223570,282675,1363733,193070,175815,224785,116945
678,,11/01/2019,as_first_attendances_GP_ref,137075,208390,263710,1272167,178155,161425,212115,109105
679,,12/01/2019,as_first_attendances_GP_ref,117760,180145,230715,1099856,155285,139700,180600,93885
680,,01/01/2020,as_first_attendances_GP_ref,136845,200375,273605,1278724,180355,162735,212525,110165
681,,02/01/2020,as_first_attendances_GP_ref,128660,192230,248440,1182780,163860,152775,195835,99005
682,,03/01/2020,as_first_attendances_GP_ref,106710,155745,198275,987313,144455,130930,165115,84335
683,,04/01/2020,as_first_attendances_GP_ref,46955,69705,85265,443806,63425,54640,81570,41540
684,,05/01/2020,as_first_attendances_GP_ref,58965,80305,101755,509244,64970,62605,94015,45775
685,,06/01/2020,as_first_attendances_GP_ref,80795,112085,141035,702328,91285,88375,126065,61545
686,,07/01/2020,as_first_attendances_GP_ref,90205,124470,166120,808709,112090,102275,141305,71060
687,,08/01/2020,as_first_attendances_GP_ref,83285,117450,157940,760751,104650,97900,132535,65830
688,,09/01/2020,as_first_attendances_GP_ref,106515,150870,191085,955987,134810,124415,164310,82550
689,,10/01/2020,as_first_attendances_GP_ref,110000,164005,201025,998563,141975,125400,171710,82900
690,,11/01/2020,as_first_attendances_GP_ref,115345,170125,202285,1025435,144585,129985,175795,85550
691,,12/01/2020,as_first_attendances_GP_ref,100665,150885,184430,916113,134035,119070,150455,75075
692,,01/01/2021,as_first_attendances_GP_ref,87910,127305,171000,847490,130510,115215,139985,74150
693,,02/01/2021,as_first_attendances_GP_ref,89085,142120,167715,868978,133300,116345,144460,74505
694,,03/01/2021,as_first_attendances_GP_ref,114405,179160,211715,1091565,161600,142900,186015,93990
695,,04/01/2021,as_first_attendances_GP_ref,106870,168470,201175,1011802,147935,126835,174280,84585
696,,05/01/2021,as_first_attendances_GP_ref,108470,170385,208130,1026469,148970,127845,175040,86045
697,,06/01/2021,as_first_attendances_GP_ref,122530,191375,229050,1136010,162445,141420,193215,94110
698,,07/01/2021,as_first_attendances_GP_ref,115390,185265,221700,1081123,153185,134460,181520,87845
699,,08/01/2021,as_first_attendances_GP_ref,105995,164305,196215,979031,140465,122090,168425,80070
700,,09/01/2021,as_first_attendances_GP_ref,121275,188450,228560,1122515,157905,139570,193240,91735
701,,10/01/2021,as_first_attendances_GP_ref,115880,186330,221605,1079762,151010,129235,186270,87765
702,,11/01/2021,as_first_attendances_GP_ref,122065,205670,239705,1180611,163445,139315,209280,99175
703,,12/01/2021,as_first_attendances_GP_ref,104280,164840,198970,957871,134630,109395,165515,78800
704,,01/01/2022,as_first_attendances_GP_ref,110425,175675,214130,1028220,141565,116905,181740,86235
705,,02/01/2022,as_first_attendances_GP_ref,111130,178350,212305,1017321,140580,117420,175710,80195
706,,04/01/2018,as_first_attendances_other_ref,,199090,,1217914,,,211165,115370
707,,05/01/2018,as_first_attendances_other_ref,,216785,,1318826,,,230035,124125
708,,06/01/2018,as_first_attendances_other_ref,,212395,,1286721,,,226920,120650
709,,07/01/2018,as_first_attendances_other_ref,,216680,,1315650,,,234090,125165
710,,08/01/2018,as_first_attendances_other_ref,,209295,,1245062,,,222865,118935
711,,09/01/2018,as_first_attendances_other_ref,,198705,,1223105,,,216015,115520
712,,10/01/2018,as_first_attendances_other_ref,,240545,,1423595,,,246315,136680
713,,11/01/2018,as_first_attendances_other_ref,,233455,,1377655,,,240010,132315
714,,12/01/2018,as_first_attendances_other_ref,,191335,,1112420,,,194810,105170
715,,01/01/2019,as_first_attendances_other_ref,,237050,,1384171,,,242855,133075
716,,02/01/2019,as_first_attendances_other_ref,,210800,,1233373,,,217210,115940
717,,03/01/2019,as_first_attendances_other_ref,,221710,,1315015,,,225590,124100
718,,04/01/2019,as_first_attendances_other_ref,142600,236770,253290,1324252,181765,154645,228665,124785
719,,05/01/2019,as_first_attendances_other_ref,151120,257350,263990,1400278,189505,162420,242835,131205
720,,06/01/2019,as_first_attendances_other_ref,143915,247585,247865,1329138,180395,152800,229285,125575
721,,07/01/2019,as_first_attendances_other_ref,157520,274000,276120,1483574,199920,177365,255700,140985
722,,08/01/2019,as_first_attendances_other_ref,137225,239925,239575,1291830,175545,150430,225395,122170
723,,09/01/2019,as_first_attendances_other_ref,144645,263680,254860,1382067,186985,162280,236780,130960
724,,10/01/2019,as_first_attendances_other_ref,159280,288490,276350,1505793,202865,175605,257335,144030
725,,11/01/2019,as_first_attendances_other_ref,148465,274610,258840,1409001,187405,163275,242585,132025
726,,12/01/2019,as_first_attendances_other_ref,131640,243445,231085,1247123,169230,141325,214205,114545
727,,01/01/2020,as_first_attendances_other_ref,155895,291605,271220,1482165,197770,171055,253650,139165
728,,02/01/2020,as_first_attendances_other_ref,140645,262645,244925,1335164,178315,154190,228140,124600
729,,03/01/2020,as_first_attendances_other_ref,118965,216620,204470,1130261,154930,133675,191565,108550
730,,04/01/2020,as_first_attendances_other_ref,66495,132480,109845,668179,93185,76235,126670,62445
731,,05/01/2020,as_first_attendances_other_ref,77540,153775,130530,768914,103425,87540,145400,69745
732,,06/01/2020,as_first_attendances_other_ref,102520,203690,176215,1026617,132605,126230,191285,92755
733,,07/01/2020,as_first_attendances_other_ref,121250,229855,200260,1152899,149105,130330,212905,107615
734,,08/01/2020,as_first_attendances_other_ref,114740,213765,184745,1080600,143795,126130,195725,100355
735,,09/01/2020,as_first_attendances_other_ref,137295,262475,222875,1297284,172655,150325,227690,122180
736,,10/01/2020,as_first_attendances_other_ref,143155,276880,227770,1321641,172960,143395,230570,125175
737,,11/01/2020,as_first_attendances_other_ref,143855,277705,216715,1314740,170805,142965,236405,124570
738,,12/01/2020,as_first_attendances_other_ref,132815,256900,195935,1212858,166665,134375,204875,119670
739,,01/01/2021,as_first_attendances_other_ref,115585,248500,187055,1184679,180645,135800,195410,120000
740,,02/01/2021,as_first_attendances_other_ref,116315,246320,180040,1159953,168775,135140,199680,112185
741,,03/01/2021,as_first_attendances_other_ref,145640,287035,224090,1393544,191435,163340,245250,134845
742,,04/01/2021,as_first_attendances_other_ref,141590,263775,228535,1346853,179035,154855,247155,130125
743,,05/01/2021,as_first_attendances_other_ref,143655,274350,231715,1373991,180890,154180,253945,133380
744,,06/01/2021,as_first_attendances_other_ref,159630,294385,254495,1498425,198435,169670,270830,148885
745,,07/01/2021,as_first_attendances_other_ref,153970,277330,247045,1435036,190510,163595,260240,140340
746,,08/01/2021,as_first_attendances_other_ref,141155,252430,225760,1316021,173975,148470,243440,128955
747,,09/01/2021,as_first_attendances_other_ref,155345,280420,252935,1457271,192705,165235,267165,141440
748,,10/01/2021,as_first_attendances_other_ref,148990,271370,240415,1385704,180880,150605,257040,134345
749,,11/01/2021,as_first_attendances_other_ref,168570,290665,262930,1498354,191410,162015,272885,147755
750,,12/01/2021,as_first_attendances_other_ref,133220,247365,223920,1262344,163715,137220,230355,124730
751,,01/01/2022,as_first_attendances_other_ref,144980,259960,237985,1348466,174560,145755,247280,136165
752,,02/01/2022,as_first_attendances_other_ref,139635,257190,235365,1306414,167315,143470,233385,128305
753,,04/01/2018,as_first_attendances_total,,403320,,2412557,,,408125,218590
754,,05/01/2018,as_first_attendances_total,,438625,,2613946,,,444300,234545
755,,06/01/2018,as_first_attendances_total,,425855,,2534505,,,435870,227320
756,,07/01/2018,as_first_attendances_total,,434455,,2578485,,,444935,233000
757,,08/01/2018,as_first_attendances_total,,412795,,2433889,,,422340,220100
758,,09/01/2018,as_first_attendances_total,,397785,,2405829,,,410475,214925
759,,10/01/2018,as_first_attendances_total,,473770,,2792179,,,468215,251895
760,,11/01/2018,as_first_attendances_total,,461445,,2713378,,,462040,245225
761,,12/01/2018,as_first_attendances_total,,372275,,2170498,,,370030,194725
762,,01/01/2019,as_first_attendances_total,,456610,,2685758,,,459875,244240
763,,02/01/2019,as_first_attendances_total,,409320,,2403500,,,412500,211885
764,,03/01/2019,as_first_attendances_total,,431870,,2560668,,,431255,227020
765,,04/01/2019,as_first_attendances_total,270705,436550,504265,2519948,350535,302750,423985,227465
766,,05/01/2019,as_first_attendances_total,284890,467660,524445,2647283,365325,315015,447035,238890
767,,06/01/2019,as_first_attendances_total,272820,448030,497520,2528925,350450,301155,425365,229790
768,,07/01/2019,as_first_attendances_total,301245,497940,554075,2821660,387805,348475,473060,254785
769,,08/01/2019,as_first_attendances_total,259780,431970,478515,2438464,336520,295600,413340,219375
770,,09/01/2019,as_first_attendances_total,276065,466310,512425,2617097,361590,320705,439115,236960
771,,10/01/2019,as_first_attendances_total,303750,512065,559025,2869526,395935,351420,482120,260980
772,,11/01/2019,as_first_attendances_total,285540,483000,522550,2681168,365560,324700,454705,241125
773,,12/01/2019,as_first_attendances_total,249400,423590,461800,2346979,324515,281025,394805,208430
774,,01/01/2020,as_first_attendances_total,292735,491980,544825,2760889,378125,333785,466175,249330
775,,02/01/2020,as_first_attendances_total,269305,454875,493365,2517944,342175,306965,423970,223605
776,,03/01/2020,as_first_attendances_total,225675,372360,402745,2117574,299390,264605,356685,192885
777,,04/01/2020,as_first_attendances_total,113450,202190,195110,1111985,156610,130870,208240,103990
778,,05/01/2020,as_first_attendances_total,136500,234080,232285,1278158,168395,150145,239415,115520
779,,06/01/2020,as_first_attendances_total,183315,315770,317250,1728945,223890,214605,317350,154300
780,,07/01/2020,as_first_attendances_total,211455,354325,366380,1961608,261195,232605,354210,178675
781,,08/01/2020,as_first_attendances_total,198025,331215,342685,1841351,248445,224030,328260,166185
782,,09/01/2020,as_first_attendances_total,243810,413350,413965,2253271,307465,274745,392005,204730
783,,10/01/2020,as_first_attendances_total,253155,440885,428795,2320204,314935,268795,402280,208075
784,,11/01/2020,as_first_attendances_total,259195,447830,419000,2340175,315395,272945,412200,210120
785,,12/01/2020,as_first_attendances_total,233480,407785,380360,2128971,300700,253445,355330,194745
786,,01/01/2021,as_first_attendances_total,203495,375805,358060,2032169,311155,251015,335395,194145
787,,02/01/2021,as_first_attendances_total,205405,388435,347755,2028931,302075,251480,344140,186695
788,,03/01/2021,as_first_attendances_total,260045,466195,435810,2485109,353040,306245,431265,228835
789,,04/01/2021,as_first_attendances_total,248455,432245,429710,2358655,326970,281690,421435,214710
790,,05/01/2021,as_first_attendances_total,252125,444735,439840,2400460,329855,282025,428980,219425
791,,06/01/2021,as_first_attendances_total,282160,485760,483545,2634435,360880,311090,464050,242995
792,,07/01/2021,as_first_attendances_total,269360,462600,468740,2516159,343695,298055,441760,228185
793,,08/01/2021,as_first_attendances_total,247150,416735,421975,2295052,314440,270560,411865,209030
794,,09/01/2021,as_first_attendances_total,276620,468870,481495,2579786,350610,304805,460405,233170
795,,10/01/2021,as_first_attendances_total,264870,457700,462015,2465466,331890,279845,443310,222110
796,,11/01/2021,as_first_attendances_total,290640,496340,502635,2678965,354855,301330,482165,246930
797,,12/01/2021,as_first_attendances_total,237500,412205,422890,2220215,298345,246610,395870,203530
798,,01/01/2022,as_first_attendances_total,255405,435635,452115,2376686,316120,262660,429020,222395
799,,02/01/2022,as_first_attendances_total,250765,435540,447670,2323735,307895,260890,409095,208500
800,,04/01/2018,as_first_attendances_DNA,,44905,,187256,,,23255,14730
801,,05/01/2018,as_first_attendances_DNA,,49665,,207427,,,26170,15925
802,,06/01/2018,as_first_attendances_DNA,,49405,,203966,,,25590,15530
803,,07/01/2018,as_first_attendances_DNA,,53465,,216078,,,27090,16605
804,,08/01/2018,as_first_attendances_DNA,,52145,,203845,,,25680,15300
805,,09/01/2018,as_first_attendances_DNA,,49475,,201336,,,25715,14990
806,,10/01/2018,as_first_attendances_DNA,,55825,,226953,,,28610,16745
807,,11/01/2018,as_first_attendances_DNA,,53725,,214821,,,27665,16050
808,,12/01/2018,as_first_attendances_DNA,,44285,,181440,,,23630,13350
809,,01/01/2019,as_first_attendances_DNA,,52985,,216726,,,28275,16190
810,,02/01/2019,as_first_attendances_DNA,,46120,,183136,,,23750,13980
811,,03/01/2019,as_first_attendances_DNA,,47725,,192762,,,24460,14475
812,,04/01/2019,as_first_attendances_DNA,17015,48440,35290,194469,24620,29200,24750,14850
813,,05/01/2019,as_first_attendances_DNA,18785,51565,35715,206537,25970,31200,27080,15925
814,,06/01/2019,as_first_attendances_DNA,18150,49215,34160,197627,24965,29835,25655,15340
815,,07/01/2019,as_first_attendances_DNA,20785,55345,38805,222418,27735,33425,28745,17230
816,,08/01/2019,as_first_attendances_DNA,17970,49390,33840,193151,23910,27820,24615,15300
817,,09/01/2019,as_first_attendances_DNA,19200,51100,36190,206743,25750,30970,26775,16445
818,,10/01/2019,as_first_attendances_DNA,20825,54645,38340,221008,26895,33535,28725,17765
819,,11/01/2019,as_first_attendances_DNA,19510,50530,36355,205426,25040,30610,27100,15940
820,,12/01/2019,as_first_attendances_DNA,17875,46675,33800,190425,24150,28525,24380,14725
821,,01/01/2020,as_first_attendances_DNA,19830,51915,37210,212092,26380,31820,27745,16855
822,,02/01/2020,as_first_attendances_DNA,16980,45780,32215,183847,23070,27480,23900,14160
823,,03/01/2020,as_first_attendances_DNA,17915,45525,32800,189498,23685,28915,25745,14610
824,,04/01/2020,as_first_attendances_DNA,6315,17840,13470,73274,8755,9345,11690,5775
825,,05/01/2020,as_first_attendances_DNA,6685,18410,13525,75386,8800,9820,11920,6120
826,,06/01/2020,as_first_attendances_DNA,10095,25685,19195,106425,12305,14850,15635,8525
827,,07/01/2020,as_first_attendances_DNA,12235,29700,23490,127831,15300,18645,17545,10710
828,,08/01/2020,as_first_attendances_DNA,11850,29650,22685,127662,15700,19185,17495,10875
829,,09/01/2020,as_first_attendances_DNA,16105,37905,29770,166059,20565,25010,22530,13910
830,,10/01/2020,as_first_attendances_DNA,15240,40725,29950,169312,21410,25280,22490,13935
831,,11/01/2020,as_first_attendances_DNA,16035,41710,34815,178589,22085,25900,23210,14525
832,,12/01/2020,as_first_attendances_DNA,15140,40400,31010,166618,20890,24355,21355,13210
833,,01/01/2021,as_first_attendances_DNA,13140,34565,28110,156188,21830,24925,20515,12855
834,,02/01/2021,as_first_attendances_DNA,10900,31885,23705,136943,18915,22345,18000,10980
835,,03/01/2021,as_first_attendances_DNA,13670,38495,29115,164366,21625,26115,22050,13020
836,,04/01/2021,as_first_attendances_DNA,13680,40480,30720,165822,20280,25640,22170,12615
837,,05/01/2021,as_first_attendances_DNA,13800,42825,31530,170753,20470,26210,22565,13100
838,,06/01/2021,as_first_attendances_DNA,17235,50025,37340,204312,25520,30665,27630,15600
839,,07/01/2021,as_first_attendances_DNA,17035,50590,37760,206901,28185,30150,27140,15715
840,,08/01/2021,as_first_attendances_DNA,15955,47310,33825,188458,24180,27670,24945,14290
841,,09/01/2021,as_first_attendances_DNA,18210,53080,38110,211950,26685,30740,28710,16075
842,,10/01/2021,as_first_attendances_DNA,16955,49660,35705,201790,28060,28650,27070,15375
843,,11/01/2021,as_first_attendances_DNA,18630,54840,39410,219670,29295,30645,29375,17110
844,,12/01/2021,as_first_attendances_DNA,17950,48395,36600,195527,24555,27020,25710,14970
845,,01/01/2022,as_first_attendances_DNA,18835,51600,37295,206062,25675,28580,27725,16010
846,,02/01/2022,as_first_attendances_DNA,17630,48400,34025,188872,23185,25930,25510,13905
847,,04/01/2018,as_subsequent_attendances_seen,,888710,,5303072,,,826380,460540
848,,05/01/2018,as_subsequent_attendances_seen,,951390,,5655653,,,890655,487805
849,,06/01/2018,as_subsequent_attendances_seen,,928435,,5451285,,,858380,470660
850,,07/01/2018,as_subsequent_attendances_seen,,944085,,5562542,,,880010,485300
851,,08/01/2018,as_subsequent_attendances_seen,,886335,,5298761,,,839950,461985
852,,09/01/2018,as_subsequent_attendances_seen,,864780,,5193279,,,810820,446560
853,,10/01/2018,as_subsequent_attendances_seen,,1011470,,6007573,,,924665,522990
854,,11/01/2018,as_subsequent_attendances_seen,,988060,,5870054,,,921465,510610
855,,12/01/2018,as_subsequent_attendances_seen,,789565,,4652289,,,730805,406365
856,,01/01/2019,as_subsequent_attendances_seen,,993200,,5903433,,,931945,517625
857,,02/01/2019,as_subsequent_attendances_seen,,875630,,5206161,,,818470,449555
858,,03/01/2019,as_subsequent_attendances_seen,,918830,,5492539,,,863550,470555
859,,04/01/2019,as_subsequent_attendances_seen,590775,881825,992605,5332476,775620,764895,853920,467655
860,,05/01/2019,as_subsequent_attendances_seen,618800,934210,1031415,5573367,804915,792015,897610,488920
861,,06/01/2019,as_subsequent_attendances_seen,583485,883965,969090,5258156,761860,747955,839965,466630
862,,07/01/2019,as_subsequent_attendances_seen,652460,988820,1088220,5873041,841295,843780,936435,516480
863,,08/01/2019,as_subsequent_attendances_seen,572185,853635,950530,5126801,743755,733520,815600,452970
864,,09/01/2019,as_subsequent_attendances_seen,599825,909790,1008835,5442586,793385,785580,862310,477600
865,,10/01/2019,as_subsequent_attendances_seen,664795,998295,1108480,5996109,870660,863355,954540,530330
866,,11/01/2019,as_subsequent_attendances_seen,627705,936010,1039445,5611832,802105,801595,898130,501475
867,,12/01/2019,as_subsequent_attendances_seen,544790,815080,909765,4890860,706430,695790,777525,436850
868,,01/01/2020,as_subsequent_attendances_seen,656925,978940,1090430,5898861,854475,845460,942915,523905
869,,02/01/2020,as_subsequent_attendances_seen,583925,872840,978550,5246811,754865,755270,829780,466565
870,,03/01/2020,as_subsequent_attendances_seen,530795,768095,864595,4739655,700080,687595,766475,417295
871,,04/01/2020,as_subsequent_attendances_seen,358735,516095,574950,3134241,453460,427545,529475,271120
872,,05/01/2020,as_subsequent_attendances_seen,369245,555625,603805,3288130,464405,446260,551055,294780
873,,06/01/2020,as_subsequent_attendances_seen,470280,717220,774095,4204549,592105,582590,692080,372485
874,,07/01/2020,as_subsequent_attendances_seen,522125,805695,845765,4632807,653010,637415,763725,401025
875,,08/01/2020,as_subsequent_attendances_seen,470510,715390,754645,4175615,593600,586385,688965,362410
876,,09/01/2020,as_subsequent_attendances_seen,566515,891420,905560,5066585,721675,716325,821680,438600
877,,10/01/2020,as_subsequent_attendances_seen,582880,915695,907695,5143015,732495,711470,840875,447015
878,,11/01/2020,as_subsequent_attendances_seen,593075,930235,925985,5229105,741250,719490,852475,461300
879,,12/01/2020,as_subsequent_attendances_seen,541325,835785,851330,4763217,686015,667675,746790,429835
880,,01/01/2021,as_subsequent_attendances_seen,500530,736080,816510,4578142,699770,675985,719510,425305
881,,02/01/2021,as_subsequent_attendances_seen,495955,764685,791625,4559929,695020,679240,705455,423580
882,,03/01/2021,as_subsequent_attendances_seen,622075,945595,981025,5612283,843315,813705,877175,523875
883,,04/01/2021,as_subsequent_attendances_seen,601470,926760,947175,5268687,753460,731470,834805,468435
884,,05/01/2021,as_subsequent_attendances_seen,589575,910020,948410,5224298,739410,723785,838095,469850
885,,06/01/2021,as_subsequent_attendances_seen,646115,1003000,1053705,5736616,812365,794875,910775,510135
886,,07/01/2021,as_subsequent_attendances_seen,618890,960045,1008510,5466745,761725,755545,868820,487875
887,,08/01/2021,as_subsequent_attendances_seen,573050,878100,930190,5049042,707300,696435,807515,451635
888,,09/01/2021,as_subsequent_attendances_seen,628190,981555,1025995,5602301,792245,775130,893915,499785
889,,10/01/2021,as_subsequent_attendances_seen,592965,938865,977570,5286792,752880,703145,842470,473780
890,,11/01/2021,as_subsequent_attendances_seen,646485,1031430,1069705,5817293,831040,771335,934610,527035
891,,12/01/2021,as_subsequent_attendances_seen,541865,866305,902890,4894263,706900,648905,779415,443450
892,,01/01/2022,as_subsequent_attendances_seen,581040,933825,967715,5228926,755285,693000,818090,475095
893,,02/01/2022,as_subsequent_attendances_seen,547025,905095,924965,4965296,722725,664485,758895,437470
894,,04/01/2018,as_subsequent_attendances_DNA,,95025,,431332,,,50970,30465
895,,05/01/2018,as_subsequent_attendances_DNA,,103500,,466285,,,56000,32880
896,,06/01/2018,as_subsequent_attendances_DNA,,99445,,454895,,,54560,32335
897,,07/01/2018,as_subsequent_attendances_DNA,,107200,,471612,,,57100,34015
898,,08/01/2018,as_subsequent_attendances_DNA,,102220,,444776,,,54225,31750
899,,09/01/2018,as_subsequent_attendances_DNA,,98250,,437270,,,53970,31035
900,,10/01/2018,as_subsequent_attendances_DNA,,108615,,489671,,,60320,34840
901,,11/01/2018,as_subsequent_attendances_DNA,,105505,,469448,,,58320,33170
902,,12/01/2018,as_subsequent_attendances_DNA,,85940,,386614,,,47830,28075
903,,01/01/2019,as_subsequent_attendances_DNA,,106465,,480568,,,61270,34470
904,,02/01/2019,as_subsequent_attendances_DNA,,94305,,406878,,,50685,29405
905,,03/01/2019,as_subsequent_attendances_DNA,,94630,,419969,,,52730,29570
906,,04/01/2019,as_subsequent_attendances_DNA,38485,99280,68390,417497,60375,66545,52810,31175
907,,05/01/2019,as_subsequent_attendances_DNA,41705,105365,71415,443993,63695,70130,57200,34020
908,,06/01/2019,as_subsequent_attendances_DNA,39370,99750,67600,420614,60765,65320,55575,31780
909,,07/01/2019,as_subsequent_attendances_DNA,44575,110080,76995,466415,67335,72245,60015,34650
910,,08/01/2019,as_subsequent_attendances_DNA,39430,95810,67675,408090,62510,61065,50800,30335
911,,09/01/2019,as_subsequent_attendances_DNA,42530,101640,71425,438805,66360,68615,55285,32510
912,,10/01/2019,as_subsequent_attendances_DNA,45045,109275,78420,473072,72100,73515,59100,35080
913,,11/01/2019,as_subsequent_attendances_DNA,41595,99210,73595,436502,66325,67380,55355,32600
914,,12/01/2019,as_subsequent_attendances_DNA,38235,92110,67135,403886,62420,63235,50350,29985
915,,01/01/2020,as_subsequent_attendances_DNA,42725,105365,76385,460538,71120,71050,58730,34670
916,,02/01/2020,as_subsequent_attendances_DNA,36940,93250,65500,396365,60030,60825,50470,28930
917,,03/01/2020,as_subsequent_attendances_DNA,37630,91175,66185,399562,61300,62925,51425,28550
918,,04/01/2020,as_subsequent_attendances_DNA,16090,45945,32270,184170,28750,24360,23935,12640
919,,05/01/2020,as_subsequent_attendances_DNA,16215,45585,31710,186670,29040,24690,25360,13910
920,,06/01/2020,as_subsequent_attendances_DNA,22895,57575,44000,253030,39670,35780,34120,18720
921,,07/01/2020,as_subsequent_attendances_DNA,27760,70620,53370,307911,47370,44290,41495,22700
922,,08/01/2020,as_subsequent_attendances_DNA,28555,68625,52610,306217,47920,44770,40970,22465
923,,09/01/2020,as_subsequent_attendances_DNA,37570,88035,65495,390720,59575,59005,52490,28090
924,,10/01/2020,as_subsequent_attendances_DNA,39250,89965,67020,400268,62125,59585,53060,28815
925,,11/01/2020,as_subsequent_attendances_DNA,39510,89690,77245,413948,62795,61030,53845,29400
926,,12/01/2020,as_subsequent_attendances_DNA,37235,84890,71705,384748,57540,57815,47830,27310
927,,01/01/2021,as_subsequent_attendances_DNA,32265,73055,67540,367387,61295,59780,45940,27155
928,,02/01/2021,as_subsequent_attendances_DNA,28380,70630,58370,327743,54560,51675,40250,23560
929,,03/01/2021,as_subsequent_attendances_DNA,35200,84075,69425,390555,61595,61160,50790,27900
930,,04/01/2021,as_subsequent_attendances_DNA,36285,86520,71025,386378,58330,57745,49610,26430
931,,05/01/2021,as_subsequent_attendances_DNA,35555,87740,70810,388781,57915,58740,50375,27260
932,,06/01/2021,as_subsequent_attendances_DNA,43655,103050,83340,461016,68365,69205,60675,32255
933,,07/01/2021,as_subsequent_attendances_DNA,42795,102340,81765,456459,68490,69340,58475,32755
934,,08/01/2021,as_subsequent_attendances_DNA,40475,95825,75220,423410,63440,63385,54515,30060
935,,09/01/2021,as_subsequent_attendances_DNA,45770,108675,86280,477966,71380,70920,61030,33405
936,,10/01/2021,as_subsequent_attendances_DNA,42575,100870,79530,440032,67170,62560,56340,30500
937,,11/01/2021,as_subsequent_attendances_DNA,46775,109965,85725,478988,71800,68725,61750,33675
938,,12/01/2021,as_subsequent_attendances_DNA,38330,97320,76120,420361,64130,60195,53950,29825
939,,01/01/2022,as_subsequent_attendances_DNA,40315,104195,80720,443201,66945,63110,55815,31600
940,,02/01/2022,as_subsequent_attendances_DNA,36245,97195,72580,399951,59660,56445,50130,27225
941,,04/01/2018,total_admissions,,3753780,,22388738,,,3456650,1994235
942,,05/01/2018,total_admissions,,4065600,,24112595,,,3746590,2129950
943,,06/01/2018,total_admissions,,3962885,,23373302,,,3656085,2064270
944,,07/01/2018,total_admissions,,4045275,,23807788,,,3730715,2111930
945,,08/01/2018,total_admissions,,3828420,,22644079,,,3558200,2013995
946,,09/01/2018,total_admissions,,3742055,,22304057,,,3472225,1956735
947,,10/01/2018,total_admissions,,4258685,,25523543,,,3927870,2264945
948,,11/01/2018,total_admissions,,4250395,,25019179,,,3899665,2213170
949,,12/01/2018,total_admissions,,3455115,,20313878,,,3167665,1805885
950,,01/01/2019,total_admissions,,4243955,,24961378,,,3915475,2229965
951,,02/01/2019,total_admissions,,3803375,,22252492,,,3490215,1948440
952,,03/01/2019,total_admissions,,4007495,,23683575,,,3686475,2076520
953,,04/01/2019,total_admissions,2499790,3924420,4337045,23061876,3493590,3134810,3593905,2049360
954,,05/01/2019,total_admissions,2629890,4181160,4519905,24221302,3641955,3272690,3794700,2150050
955,,06/01/2019,total_admissions,2504840,3991635,4274530,23030015,3471180,3104855,3595570,2057700
956,,07/01/2019,total_admissions,2776560,4430820,4758085,25579910,3829565,3510810,3975150,2266370
957,,08/01/2019,total_admissions,2437835,3853585,4168345,22376744,3374860,3034920,3489830,1990690
958,,09/01/2019,total_admissions,2564235,4115525,4410585,23757172,3579995,3258925,3688075,2109560
959,,10/01/2019,total_admissions,2816515,4501075,4812760,26018681,3919455,3569965,4052490,2313940
960,,11/01/2019,total_admissions,2661830,4237480,4533900,24437931,3638835,3317630,3837990,2179605
961,,12/01/2019,total_admissions,2338385,3725990,4026245,21565685,3252290,2910255,3362280,1923805
962,,01/01/2020,total_admissions,2739845,4358180,4698730,25294390,3800320,3446730,3965910,2253340
963,,02/01/2020,total_admissions,2487310,3968915,4251690,22869562,3413490,3120835,3574595,2024240
964,,03/01/2020,total_admissions,2159105,3333000,3631320,19864011,3063815,2756015,3122300,1773630
965,,04/01/2020,total_admissions,1181775,1877345,2006550,11038008,1676730,1447545,1845495,990635
966,,05/01/2020,total_admissions,1335215,2120195,2254770,12324668,1797175,1609570,2070770,1123435
967,,06/01/2020,total_admissions,1761835,2833980,2960820,16241307,2339410,2167450,2696170,1463370
968,,07/01/2020,total_admissions,2020640,3237785,3350075,18427390,2696070,2415165,3042935,1643910
969,,08/01/2020,total_admissions,1883710,3014595,3109785,17237733,2544595,2305290,2830010,1530380
970,,09/01/2020,total_admissions,2290260,3749355,3720750,20939425,3101675,2813390,3396855,1842165
971,,10/01/2020,total_admissions,2377285,3942005,3813100,21530645,3181720,2810735,3494305,1885885
972,,11/01/2020,total_admissions,2407485,3986470,3775560,21650246,3165815,2837585,3545100,1905190
973,,12/01/2020,total_admissions,2185920,3611655,3479035,19828054,2988965,2651980,3096245,1790540
974,,01/01/2021,total_admissions,1916455,3155210,3264795,18612054,3000105,2642945,2871605,1737895
975,,02/01/2021,total_admissions,1926125,3285445,3169860,18628781,2961985,2638415,2913920,1710855
976,,03/01/2021,total_admissions,2438615,4031715,3956455,22986190,3552940,3193920,3666705,2117960
977,,04/01/2021,total_admissions,2365035,3867515,3854620,21813047,3269250,2926655,3547275,1956045
978,,05/01/2021,total_admissions,2384005,3918955,3924195,22086614,3279160,2938445,3621265,1993350
979,,06/01/2021,total_admissions,2635835,4314475,4330550,24214104,3594280,3221935,3919350,2167460
980,,07/01/2021,total_admissions,2522055,4141215,4187500,23212465,3428900,3087135,3752790,2063650
981,,08/01/2021,total_admissions,2320815,3756830,3817655,21294578,3161915,2827935,3479995,1903725
982,,09/01/2021,total_admissions,2563125,4197365,4259500,23673389,3512185,3146045,3863255,2102440
983,,10/01/2021,total_admissions,2451915,4054335,4076690,22561362,3358665,2889635,3690690,2011430
984,,11/01/2021,total_admissions,2658055,4408360,4415520,24498626,3629560,3124250,4014020,2217875
985,,12/01/2021,total_admissions,2220885,3699165,3794765,20743762,3096145,2650265,3375045,1882525
986,,01/01/2022,total_admissions,2356135,3914405,3972445,21897079,3262070,2775400,3581580,2009195
987,,02/01/2022,total_admissions,2291020,3874085,3908365,21286124,3172240,2729285,3401105,1884425
