financial_year,reporting_period,month,organisation,org_code,org_name,region_code,region_name,rgn19cd,sas_ordinary_elective,sas_daycase_elective,sas_elective_total,sas_non_elective,sas_first_attendances_GP_ref,sas_first_attendances_other_ref,sas_first_attendances_total,sas_first_attendances_DNA,sas_subsequent_attendances_seen,sas_subsequent_attendances_DNA,as_ordinary_elective,as_daycase_elective,as_elective_total,as_non_elective,as_first_attendances_GP_ref,as_first_attendances_other_ref,as_first_attendances_total,as_first_attendances_DNA,as_subsequent_attendances_seen,as_subsequent_attendances_DNA
2019-20,14,Apr-19,Region of CCG,NA,NA,Y61,EAST OF ENGLAND COMMISSIONING REGION,E12000006,13065,69900,82965,65130,108605,97725,206330,13270,382180,27640,13440,69980,83420,78455,128105,142600,270705,17015,590775,99280
2019-20,14,May-19,Region of CCG,NA,NA,Y61,EAST OF ENGLAND COMMISSIONING REGION,E12000006,14215,72985,87205,67555,114540,104105,218650,14665,399885,30335,14570,73065,87635,81410,133770,151120,284890,18785,618800,31175
2019-20,14,Jun-19,Region of CCG,NA,NA,Y61,EAST OF ENGLAND COMMISSIONING REGION,E12000006,14095,69425,83520,64010,110920,99660,210580,14375,377385,28625,14470,69480,83950,77700,128905,143915,272820,18150,583485,52810
2019-20,14,Jul-19,Region of CCG,NA,NA,Y61,EAST OF ENGLAND COMMISSIONING REGION,E12000006,14540,77185,91725,69095,123705,108120,231825,16360,422845,32160,14950,77270,92220,84250,143725,157520,301245,20785,652460,68390
2019-20,14,Aug-19,Region of CCG,NA,NA,Y61,EAST OF ENGLAND COMMISSIONING REGION,E12000006,13375,69885,83260,65565,105435,94285,199715,14035,367795,28125,13750,69960,83710,79795,122555,137225,259780,17970,572185,38485
2019-20,14,Sep-19,Region of CCG,NA,NA,Y61,EAST OF ENGLAND COMMISSIONING REGION,E12000006,13255,70840,84095,65400,113660,101275,214935,15350,392075,31210,13635,70915,84545,79360,131420,144645,276065,19200,599825,66545
2019-20,14,Oct-19,Region of CCG,NA,NA,Y61,EAST OF ENGLAND COMMISSIONING REGION,E12000006,14510,77845,92355,70580,125200,109855,235050,16610,432810,32750,14885,77915,92800,85180,144475,159280,303750,20825,664795,60375
2019-20,14,Nov-19,Region of CCG,NA,NA,Y61,EAST OF ENGLAND COMMISSIONING REGION,E12000006,13775,74765,88545,68685,118660,102450,221110,15495,407635,30575,14080,74820,88905,82440,137075,148465,285540,19510,627705,440
2019-20,14,Dec-19,Region of CCG,NA,NA,Y61,EAST OF ENGLAND COMMISSIONING REGION,E12000006,11755,65995,77745,69065,101590,91085,192675,14440,347755,27935,12050,66045,78095,82455,117760,131640,249400,17875,544790,105365
2019-20,14,Jan-20,Region of CCG,NA,NA,Y61,EAST OF ENGLAND COMMISSIONING REGION,E12000006,12860,77155,90015,69230,117915,107195,225110,15815,424820,30975,13185,77215,90400,83000,136845,155895,292735,19830,656925,34020
2019-20,14,Feb-20,Region of CCG,NA,NA,Y61,EAST OF ENGLAND COMMISSIONING REGION,E12000006,12600,71405,84005,62980,110940,97365,208310,13585,378175,26950,12960,71465,84425,75690,128660,140645,269305,16980,583925,57200
2019-20,14,Mar-20,Region of CCG,NA,NA,Y61,EAST OF ENGLAND COMMISSIONING REGION,E12000006,9895,57260,67155,56770,92395,80935,173330,14445,336935,27530,10275,57310,67585,69595,106710,118965,225675,17915,530795,71415
2020-21,14,Apr-20,Region of CCG,NA,NA,Y61,EAST OF ENGLAND COMMISSIONING REGION,E12000006,3025,20000,23025,39745,38810,42435,81240,4885,212070,11125,3220,20020,23245,50890,46955,66495,113450,6315,358735,41705
2020-21,14,May-20,Region of CCG,NA,NA,Y61,EAST OF ENGLAND COMMISSIONING REGION,E12000006,4075,22790,26865,49865,51005,53085,104085,5560,224580,11835,4285,22825,27110,62100,58965,77540,136500,6685,369245,70130
2020-21,14,Jun-20,Region of CCG,NA,NA,Y61,EAST OF ENGLAND COMMISSIONING REGION,E12000006,5840,33830,39670,54955,70090,72105,142200,8475,300490,17060,6070,33880,39955,67315,80795,102520,183315,10095,470280,63695
2020-21,14,Jul-20,Region of CCG,NA,NA,Y61,EAST OF ENGLAND COMMISSIONING REGION,E12000006,7965,44585,52555,60845,77785,86440,164225,10050,331005,20405,8235,44675,52910,73930,90205,121250,211455,12235,522125,465
2020-21,14,Aug-20,Region of CCG,NA,NA,Y61,EAST OF ENGLAND COMMISSIONING REGION,E12000006,9100,44565,53665,59520,70660,82325,152980,9510,293420,20955,9300,44635,53940,72170,83285,114740,198025,11850,470510,99750
2020-21,14,Sep-20,Region of CCG,NA,NA,Y61,EAST OF ENGLAND COMMISSIONING REGION,E12000006,10395,55610,66005,61045,91065,99050,190115,13095,362250,27820,10575,55750,66325,73350,106515,137295,243810,16105,566515,31780
2020-21,14,Oct-20,Region of CCG,NA,NA,Y61,EAST OF ENGLAND COMMISSIONING REGION,E12000006,11560,62445,74005,61655,93395,101535,194925,12090,369900,29190,11780,62605,74385,74135,110000,143155,253155,15240,582880,55575
2020-21,14,Nov-20,Region of CCG,NA,NA,Y61,EAST OF ENGLAND COMMISSIONING REGION,E12000006,11085,61745,72825,57380,98115,101630,199745,12925,379475,29635,11245,61890,73135,69640,115345,143855,259195,16035,593075,67600
2020-21,14,Dec-20,Region of CCG,NA,NA,Y61,EAST OF ENGLAND COMMISSIONING REGION,E12000006,9595,55595,65190,56270,85315,94270,179585,12190,340800,27865,9795,55695,65495,67600,100665,132815,233480,15140,541325,39370
2020-21,14,Jan-21,Region of CCG,NA,NA,Y61,EAST OF ENGLAND COMMISSIONING REGION,E12000006,4830,41420,46250,53295,74375,80245,154620,10345,315650,24340,5020,41490,46510,65140,87910,115585,203495,13140,500530,65320
2020-21,14,Feb-21,Region of CCG,NA,NA,Y61,EAST OF ENGLAND COMMISSIONING REGION,E12000006,5945,44925,50870,51795,75640,81215,156855,8760,317145,21495,6155,45010,51170,63105,89085,116315,205405,10900,495955,60765
2020-21,14,Mar-21,Region of CCG,NA,NA,Y61,EAST OF ENGLAND COMMISSIONING REGION,E12000006,8760,59705,68465,60715,97160,103160,200320,11090,400150,26655,9000,59810,68805,73785,114405,145640,260045,13670,622075,455
2019-20,14,Apr-19,Region of CCG,NA,NA,Y56,LONDON COMMISSIONING REGION,E12000007,16395,78665,95060,80905,168545,183140,351685,39175,637535,72680,17200,79060,96260,105465,199785,236770,436550,48440,881825,110080
2019-20,14,May-19,Region of CCG,NA,NA,Y56,LONDON COMMISSIONING REGION,E12000007,18990,83780,102775,83525,177650,198735,376385,41945,676415,77595,19805,84150,103955,108995,210310,257350,467660,51565,934210,34650
2019-20,14,Jun-19,Region of CCG,NA,NA,Y56,LONDON COMMISSIONING REGION,E12000007,18225,79945,98170,79085,170315,192805,363120,40190,644745,73960,18985,80295,99280,103530,200440,247585,448030,49215,883965,60015
2019-20,14,Jul-19,Region of CCG,NA,NA,Y56,LONDON COMMISSIONING REGION,E12000007,19705,88270,107980,82990,191305,213135,404440,45290,719185,81515,20545,88665,109210,108460,223940,274000,497940,55345,988820,76995
2019-20,14,Aug-19,Region of CCG,NA,NA,Y56,LONDON COMMISSIONING REGION,E12000007,18205,78665,96870,78555,163500,184915,348420,40245,611880,69785,19080,79085,98165,103445,192040,239925,431970,49390,853635,44575
2019-20,14,Sep-19,Region of CCG,NA,NA,Y56,LONDON COMMISSIONING REGION,E12000007,18350,81585,99935,78050,174170,204390,378560,42065,662950,75485,19115,82000,101115,102605,202630,263680,466310,51100,909790,72245
2019-20,14,Oct-19,Region of CCG,NA,NA,Y56,LONDON COMMISSIONING REGION,E12000007,20020,89815,109835,82950,192185,222140,414330,44615,726865,80410,20875,90320,111195,109180,223570,288490,512065,54645,998295,67335
2019-20,14,Nov-19,Region of CCG,NA,NA,Y56,LONDON COMMISSIONING REGION,E12000007,19045,84670,103715,81900,180415,210745,391160,41060,683430,72740,19905,85085,104990,106870,208390,274610,483000,50530,936010,520
2019-20,14,Dec-19,Region of CCG,NA,NA,Y56,LONDON COMMISSIONING REGION,E12000007,16475,72655,89130,81590,156595,185280,341875,38040,588210,67405,17330,73050,90380,106930,180145,243445,423590,46675,815080,95810
2019-20,14,Jan-20,Region of CCG,NA,NA,Y56,LONDON COMMISSIONING REGION,E12000007,18025,87300,105325,82525,172810,223440,396250,42150,711685,78060,18895,87810,106700,107025,200375,291605,491980,51915,978940,30335
2019-20,14,Feb-20,Region of CCG,NA,NA,Y56,LONDON COMMISSIONING REGION,E12000007,16300,82865,99165,75495,166215,199820,366035,37055,635370,69270,17210,83300,100510,98685,192230,262645,454875,45780,872840,50800
2019-20,14,Mar-20,Region of CCG,NA,NA,Y56,LONDON COMMISSIONING REGION,E12000007,11905,59490,71395,64895,134875,159935,294810,36770,549685,65540,12925,59850,72780,88625,155745,216620,372360,45525,768095,67675
2020-21,14,Apr-20,Region of CCG,NA,NA,Y56,LONDON COMMISSIONING REGION,E12000007,4545,17150,21695,49270,59830,90240,150070,13690,342165,27940,5555,17360,22915,70665,69705,132480,202190,17840,516095,39430
2020-21,14,May-20,Region of CCG,NA,NA,Y56,LONDON COMMISSIONING REGION,E12000007,6075,22450,28525,56700,70190,109600,179790,14540,375135,29430,7040,22655,29690,80595,80305,153775,234080,18410,555625,61065
2020-21,14,Jun-20,Region of CCG,NA,NA,Y56,LONDON COMMISSIONING REGION,E12000007,8645,35105,43750,64390,98220,151670,249890,20930,510830,40130,9635,35495,45130,88135,112085,203690,315770,25685,717220,62510
2020-21,14,Jul-20,Region of CCG,NA,NA,Y56,LONDON COMMISSIONING REGION,E12000007,11945,49635,61575,70155,108245,171990,280235,24065,573920,49370,13045,50155,63200,95585,124470,229855,354325,29700,805695,460
2020-21,14,Aug-20,Region of CCG,NA,NA,Y56,LONDON COMMISSIONING REGION,E12000007,12905,53445,66350,68605,101950,162135,264085,23985,507505,48630,13895,54165,68060,92785,117450,213765,331215,29650,715390,101640
2020-21,14,Sep-20,Region of CCG,NA,NA,Y56,LONDON COMMISSIONING REGION,E12000007,13635,66615,80250,70945,132020,202050,334070,31175,650060,65005,14630,67465,82095,95285,150870,262475,413350,37905,891420,32510
2020-21,14,Oct-20,Region of CCG,NA,NA,Y56,LONDON COMMISSIONING REGION,E12000007,15415,73865,89285,72145,144560,213685,358245,33430,667515,66070,16490,74760,91250,97135,164005,276880,440885,40725,915695,55285
2020-21,14,Nov-20,Region of CCG,NA,NA,Y56,LONDON COMMISSIONING REGION,E12000007,14570,72565,87135,68440,150330,215560,365890,34665,683120,67265,15625,73415,89040,91555,170125,277705,447830,41710,930235,71425
2020-21,14,Dec-20,Region of CCG,NA,NA,Y56,LONDON COMMISSIONING REGION,E12000007,12780,62230,75010,69015,133950,200575,334525,33435,607070,62300,13865,62880,76745,90630,150885,256900,407785,40400,835785,42530
2020-21,14,Jan-21,Region of CCG,NA,NA,Y56,LONDON COMMISSIONING REGION,E12000007,6725,40535,47260,66175,112635,187905,300545,28645,529735,54250,7715,40855,48565,88355,127305,248500,375805,34565,736080,68615
2020-21,14,Feb-21,Region of CCG,NA,NA,Y56,LONDON COMMISSIONING REGION,E12000007,8255,47380,55635,62385,127155,190710,317865,26440,554060,52965,9265,47915,57180,84160,142120,246320,388435,31885,764685,66360
2020-21,14,Mar-21,Region of CCG,NA,NA,Y56,LONDON COMMISSIONING REGION,E12000007,11585,67655,79240,74145,160770,217400,378170,32050,685895,63545,12670,68305,80970,98760,179160,287035,466195,38495,945595,445
2019-20,14,Apr-19,Region of CCG,NA,NA,Y60,MIDLANDS COMMISSIONING REGION,E12000010,21815,118495,140310,117295,184870,165675,350545,23980,642630,45000,22635,118715,141350,138915,250975,253290,504265,35290,992605,109275
2019-20,14,May-19,Region of CCG,NA,NA,Y60,MIDLANDS COMMISSIONING REGION,E12000010,23560,124735,148295,121165,191995,171980,363980,25430,670140,47380,24470,125010,149480,144850,260455,263990,524445,35715,1031415,35080
2019-20,14,Jun-19,Region of CCG,NA,NA,Y60,MIDLANDS COMMISSIONING REGION,E12000010,22770,117480,140250,114210,183925,162305,346230,24245,632590,44885,23550,117725,141280,137190,249660,247865,497520,34160,969090,59100
2019-20,14,Jul-19,Region of CCG,NA,NA,Y60,MIDLANDS COMMISSIONING REGION,E12000010,24535,130655,155190,121235,205515,181630,387140,27515,704945,50800,25260,130840,156100,144555,277955,276120,554075,38805,1088220,78420
2019-20,14,Aug-19,Region of CCG,NA,NA,Y60,MIDLANDS COMMISSIONING REGION,E12000010,22765,117640,140405,114955,175450,157185,332640,23890,609120,44365,23370,117790,141155,138540,238940,239575,478515,33840,950530,45045
2019-20,14,Sep-19,Region of CCG,NA,NA,Y60,MIDLANDS COMMISSIONING REGION,E12000010,22400,119890,142290,114290,189860,168565,358425,25670,656925,47565,23050,120120,143170,137060,257570,254860,512425,36190,1008835,73515
2019-20,14,Oct-19,Region of CCG,NA,NA,Y60,MIDLANDS COMMISSIONING REGION,E12000010,24715,130180,154895,122865,208850,181495,390350,27255,719130,52500,25360,130360,155720,145795,282675,276350,559025,38340,1108480,72100
2019-20,14,Nov-19,Region of CCG,NA,NA,Y60,MIDLANDS COMMISSIONING REGION,E12000010,23475,124960,148440,120250,196165,169710,365875,25730,675210,49125,24085,125155,149240,141985,263710,258840,522550,36355,1039445,530
2019-20,14,Dec-19,Region of CCG,NA,NA,Y60,MIDLANDS COMMISSIONING REGION,E12000010,20485,111215,131700,120005,170390,151380,321770,24165,589500,44980,20970,111355,132325,141705,230715,231085,461800,33800,909765,99210
2019-20,14,Jan-20,Region of CCG,NA,NA,Y60,MIDLANDS COMMISSIONING REGION,E12000010,21695,128180,149875,120765,200900,175590,376490,26155,710220,51210,22145,128415,150555,142860,273605,271220,544825,37210,1090430,32600
2019-20,14,Feb-20,Region of CCG,NA,NA,Y60,MIDLANDS COMMISSIONING REGION,E12000010,21835,118810,140645,110360,184245,159035,343275,22810,629940,44335,22295,119040,141335,130735,248440,244925,493365,32215,978550,55355
2019-20,14,Mar-20,Region of CCG,NA,NA,Y60,MIDLANDS COMMISSIONING REGION,E12000010,17945,94040,111985,100545,147165,132985,280150,23565,562220,45120,18380,94180,112560,121410,198275,204470,402745,32800,864595,73595
2020-21,14,Apr-20,Region of CCG,NA,NA,Y60,MIDLANDS COMMISSIONING REGION,E12000010,6380,34325,40705,72930,62670,68645,131315,9425,374580,20655,6600,34335,40930,92145,85265,109845,195110,13470,574950,41595
2020-21,14,May-20,Region of CCG,NA,NA,Y60,MIDLANDS COMMISSIONING REGION,E12000010,7625,40365,47990,86325,76760,84230,160990,9625,402355,21060,7880,40385,48265,107305,101755,130530,232285,13525,603805,67380
2020-21,14,Jun-20,Region of CCG,NA,NA,Y60,MIDLANDS COMMISSIONING REGION,E12000010,10305,56590,66895,95765,106790,114805,221595,13610,521465,29880,10585,56615,67200,116930,141035,176215,317250,19195,774095,66325
2020-21,14,Jul-20,Region of CCG,NA,NA,Y60,MIDLANDS COMMISSIONING REGION,E12000010,13675,73050,86725,105360,121720,129415,251135,16555,559395,35875,13960,73090,87045,127690,166120,200260,366380,23490,845765,445
2020-21,14,Aug-20,Region of CCG,NA,NA,Y60,MIDLANDS COMMISSIONING REGION,E12000010,14920,75290,90205,101815,113030,119600,232630,16020,491245,35000,15155,75345,90505,123715,157940,184745,342685,22685,754645,92110
2020-21,14,Sep-20,Region of CCG,NA,NA,Y60,MIDLANDS COMMISSIONING REGION,E12000010,16590,90250,106840,106015,139055,143810,282870,21455,597840,45000,16885,90350,107235,127805,191085,222875,413965,29770,905560,29985
2020-21,14,Oct-20,Region of CCG,NA,NA,Y60,MIDLANDS COMMISSIONING REGION,E12000010,18825,98230,117055,106475,146370,146295,292665,21475,594025,45430,19375,98460,117830,128335,201025,227770,428795,29950,907695,50350
2020-21,14,Nov-20,Region of CCG,NA,NA,Y60,MIDLANDS COMMISSIONING REGION,E12000010,13685,95185,108875,99645,149585,138215,287795,24615,591410,51665,14165,95400,109570,119705,202285,216715,419000,34815,925985,67135
2020-21,14,Dec-20,Region of CCG,NA,NA,Y60,MIDLANDS COMMISSIONING REGION,E12000010,12665,89790,102450,100120,137455,125125,262580,21995,538640,47515,13340,89905,103245,119440,184430,195935,380360,31010,851330,38235
2020-21,14,Jan-21,Region of CCG,NA,NA,Y60,MIDLANDS COMMISSIONING REGION,E12000010,8965,79220,88185,97000,126730,117530,244260,19430,516945,43825,9740,79290,89035,116365,171000,187055,358060,28110,816510,63235
2020-21,14,Feb-21,Region of CCG,NA,NA,Y60,MIDLANDS COMMISSIONING REGION,E12000010,9110,80235,89340,95270,123680,111955,235635,16130,507665,37875,9865,80305,90170,113415,167715,180040,347755,23705,791625,62420
2020-21,14,Mar-21,Region of CCG,NA,NA,Y60,MIDLANDS COMMISSIONING REGION,E12000010,12645,102290,114935,112855,157770,142080,299850,20240,631295,45540,13545,102375,115915,133940,211715,224090,435810,29115,981025,410
2019-20,14,Apr-19,Region of CCG,NA,NA,Y99,NA,NA,145,790,935,560,1810,1275,3090,250,3775,335,155,790,945,780,1960,1730,3690,305,5170,105365
2019-20,14,May-19,Region of CCG,NA,NA,Y99,NA,NA,175,825,1000,545,2010,1370,3380,235,3975,350,180,825,1010,770,2170,1855,4025,295,5490,34670
2019-20,14,Jun-19,Region of CCG,NA,NA,Y99,NA,NA,190,810,1000,570,1910,1245,3155,260,3875,360,195,810,1005,770,2075,1720,3795,305,5210,58730
2019-20,14,Jul-19,Region of CCG,NA,NA,Y99,NA,NA,180,850,1030,640,2125,1465,3590,280,4155,405,190,850,1040,810,2310,1960,4270,345,5550,76385
2019-20,14,Aug-19,Region of CCG,NA,NA,Y99,NA,NA,170,745,920,535,1670,1110,2785,265,3460,340,175,750,920,725,1800,1565,3365,310,4605,42725
2019-20,14,Sep-19,Region of CCG,NA,NA,Y99,NA,NA,180,785,965,595,1880,1425,3305,255,3950,365,185,785,970,775,2040,1885,3930,315,5265,71050
2019-20,14,Oct-19,Region of CCG,NA,NA,Y99,NA,NA,215,805,1020,645,2200,1375,3575,230,4225,405,220,805,1025,805,2395,1840,4235,280,5655,71120
2019-20,14,Nov-19,Region of CCG,NA,NA,Y99,NA,NA,160,815,975,640,1985,1315,3300,280,3925,340,170,815,985,825,2195,1795,3985,350,5370,495
2019-20,14,Dec-19,Region of CCG,NA,NA,Y99,NA,NA,140,680,820,610,1595,1215,2810,235,3390,315,145,680,825,790,1760,1655,3415,295,4625,93250
2019-20,14,Jan-20,Region of CCG,NA,NA,Y99,NA,NA,180,815,995,595,1950,1340,3290,270,4280,365,180,815,1000,765,2130,1805,3935,330,5815,28930
2019-20,14,Feb-20,Region of CCG,NA,NA,Y99,NA,NA,185,745,930,570,1810,1280,3090,215,3690,305,190,745,935,725,1980,1705,3685,260,5020,50470
2019-20,14,Mar-20,Region of CCG,NA,NA,Y99,NA,NA,125,500,625,490,1575,1085,2660,220,3410,295,135,500,635,675,1745,1485,3230,295,4715,65500
2020-21,14,Apr-20,Region of CCG,NA,NA,NA,NA,NA,20,120,140,295,615,515,1135,80,1925,135,25,120,145,465,705,825,1530,90,2860,36940
2020-21,14,May-20,Region of CCG,NA,NA,NA,NA,NA,35,155,190,355,775,655,1430,90,1950,130,40,155,195,535,855,965,1820,100,2955,60825
2020-21,14,Jun-20,Region of CCG,NA,NA,NA,NA,NA,55,260,315,425,1045,925,1970,125,2620,215,65,260,325,620,1145,1320,2465,135,3695,60030
2020-21,14,Jul-20,Region of CCG,NA,NA,NA,NA,NA,80,390,475,485,1055,1140,2195,180,2870,240,90,395,485,650,1185,1570,2755,210,4040,415
2020-21,14,Aug-20,Region of CCG,NA,NA,NA,NA,NA,95,395,490,465,1040,965,2000,190,2595,230,105,395,500,640,1160,1355,2515,220,3710,91175
2020-21,14,Sep-20,Region of CCG,NA,NA,NA,NA,NA,110,535,640,490,1300,1300,2600,215,3480,360,115,535,650,700,1430,1780,3210,255,4805,28550
2020-21,14,Oct-20,Region of CCG,NA,NA,NA,NA,NA,125,580,705,515,1405,1220,2625,240,3510,360,130,580,710,725,1550,1735,3285,285,4885,51425
2020-21,14,Nov-20,Region of CCG,NA,NA,NA,NA,NA,130,575,700,450,1600,1255,2860,250,3795,330,130,575,705,670,1765,1725,3485,305,5295,66185
2020-21,14,Dec-20,Region of CCG,NA,NA,NA,NA,NA,95,520,615,385,1370,1205,2575,215,3245,305,95,520,620,550,1500,1630,3125,260,4465,37630
2020-21,14,Jan-21,Region of CCG,NA,NA,NA,NA,NA,60,475,535,395,1260,1215,2470,195,3265,260,60,475,535,590,1415,1680,3095,240,4455,62925
2020-21,14,Feb-21,Region of CCG,NA,NA,NA,NA,NA,80,435,510,395,1310,1090,2395,180,3170,235,80,435,515,545,1450,1495,2945,210,4370,61300
2020-21,14,Mar-21,Region of CCG,NA,NA,NA,NA,NA,105,575,680,500,1615,1345,2955,175,4050,315,110,575,685,665,1770,1905,3675,275,5520,370
2019-20,14,Apr-19,Region of CCG,NA,NA,Y63,NORTH EAST AND YORKSHIRE COMMISSIONING REGION,E12000011,17495,103975,121470,95805,146925,146235,293160,19475,583645,45045,18110,104130,122240,114190,168775,181765,350535,24620,775620,185
2019-20,14,May-19,Region of CCG,NA,NA,Y63,NORTH EAST AND YORKSHIRE COMMISSIONING REGION,E12000011,18900,108005,126905,99045,153470,153530,307000,20890,607980,47960,19275,108100,127375,118290,175820,189505,365325,25970,804915,45945
2019-20,14,Jun-19,Region of CCG,NA,NA,Y63,NORTH EAST AND YORKSHIRE COMMISSIONING REGION,E12000011,18825,102340,121160,92475,148905,145945,294850,20225,576825,46465,19185,102455,121640,111395,170055,180395,350450,24965,761860,12640
2019-20,14,Jul-19,Region of CCG,NA,NA,Y63,NORTH EAST AND YORKSHIRE COMMISSIONING REGION,E12000011,19260,113880,133140,98575,165450,162400,327850,22620,637080,51390,19595,114010,133605,118735,187885,199920,387805,27735,841295,23935
2019-20,14,Aug-19,Region of CCG,NA,NA,Y63,NORTH EAST AND YORKSHIRE COMMISSIONING REGION,E12000011,17860,103190,121050,93345,141045,140590,281635,19490,552100,44870,18275,103285,121560,113350,160975,175545,336520,23910,743755,32270
2019-20,14,Sep-19,Region of CCG,NA,NA,Y63,NORTH EAST AND YORKSHIRE COMMISSIONING REGION,E12000011,17830,105820,123645,92790,153065,149430,302495,21045,595765,48595,18255,105975,124230,112380,174605,186985,361590,25750,793385,16090
2019-20,14,Oct-19,Region of CCG,NA,NA,Y63,NORTH EAST AND YORKSHIRE COMMISSIONING REGION,E12000011,20010,116130,136140,100040,169990,162365,332355,21985,653715,52565,20440,116195,136635,119365,193070,202865,395935,26895,870660,24360
2019-20,14,Nov-19,Region of CCG,NA,NA,Y63,NORTH EAST AND YORKSHIRE COMMISSIONING REGION,E12000011,18815,109340,128150,97685,157035,150315,307350,20435,603375,48110,19150,109480,128635,116370,178155,187405,365560,25040,802105,28750
2019-20,14,Dec-19,Region of CCG,NA,NA,Y63,NORTH EAST AND YORKSHIRE COMMISSIONING REGION,E12000011,16135,97080,113215,99310,137270,135175,272445,19665,529505,45430,16480,97185,113665,117700,155285,169230,324515,24150,706430,165
2019-20,14,Jan-20,Region of CCG,NA,NA,Y63,NORTH EAST AND YORKSHIRE COMMISSIONING REGION,E12000011,17490,114370,131860,99385,157875,157120,314995,21580,642585,51685,17830,114460,132290,118570,180355,197770,378125,26380,854475,45585
2019-20,14,Feb-20,Region of CCG,NA,NA,Y63,NORTH EAST AND YORKSHIRE COMMISSIONING REGION,E12000011,17995,103800,121795,90295,144440,143345,287785,19035,567050,43395,18335,103845,122175,107885,163860,178315,342175,23070,754865,13910
2019-20,14,Mar-20,Region of CCG,NA,NA,Y63,NORTH EAST AND YORKSHIRE COMMISSIONING REGION,E12000011,14880,86630,101510,82950,127625,122585,250210,19560,524565,44695,15210,86660,101870,101025,144455,154930,299390,23685,700080,25360
2020-21,14,Apr-20,Region of CCG,NA,NA,Y63,NORTH EAST AND YORKSHIRE COMMISSIONING REGION,E12000011,4305,30245,34550,58620,53635,68395,122030,7180,330000,18785,4620,30250,34870,75060,63425,93185,156610,8755,453460,31710
2020-21,14,May-20,Region of CCG,NA,NA,Y63,NORTH EAST AND YORKSHIRE COMMISSIONING REGION,E12000011,5230,34100,39330,70000,56045,79640,135690,7385,343755,19625,5565,34115,39680,87980,64970,103425,168395,8800,464405,16215
2020-21,14,Jun-20,Region of CCG,NA,NA,Y63,NORTH EAST AND YORKSHIRE COMMISSIONING REGION,E12000011,7320,49450,56775,76255,80340,102825,183165,10495,445340,27310,7640,49465,57105,94065,91285,132605,223890,12305,592105,24690
2020-21,14,Jul-20,Region of CCG,NA,NA,Y63,NORTH EAST AND YORKSHIRE COMMISSIONING REGION,E12000011,10265,66065,76335,83135,98160,117280,215440,12845,490010,32920,10640,66085,76725,102095,112090,149105,261195,15300,653010,29040
2020-21,14,Aug-20,Region of CCG,NA,NA,Y63,NORTH EAST AND YORKSHIRE COMMISSIONING REGION,E12000011,11245,66460,77710,81735,90430,114425,204855,13005,441285,33260,11585,66475,78060,99955,104650,143795,248445,15700,593600,270
2020-21,14,Sep-20,Region of CCG,NA,NA,Y63,NORTH EAST AND YORKSHIRE COMMISSIONING REGION,E12000011,12850,82610,95460,84910,116340,138630,254970,17295,543580,43180,13135,82655,95790,103525,134810,172655,307465,20565,721675,57575
2020-21,14,Oct-20,Region of CCG,NA,NA,Y63,NORTH EAST AND YORKSHIRE COMMISSIONING REGION,E12000011,14560,88255,102815,83895,123920,138245,262165,17930,550310,44770,14905,88310,103215,102525,141975,172960,314935,21410,732495,18720
2020-21,14,Nov-20,Region of CCG,NA,NA,Y63,NORTH EAST AND YORKSHIRE COMMISSIONING REGION,E12000011,11390,83745,95135,79215,126905,137185,264090,18645,559075,45815,11660,83765,95425,96850,144585,170805,315395,22085,741250,34120
2020-21,14,Dec-20,Region of CCG,NA,NA,Y63,NORTH EAST AND YORKSHIRE COMMISSIONING REGION,E12000011,10975,80730,91705,81725,117880,131770,249650,17560,516565,41660,11260,80750,92010,98880,134035,166665,300700,20890,686015,44000
2020-21,14,Jan-21,Region of CCG,NA,NA,Y63,NORTH EAST AND YORKSHIRE COMMISSIONING REGION,E12000011,9735,75850,85585,78915,114480,128735,243215,18300,527830,44605,10045,75865,85910,95830,130510,180645,311155,21830,699770,22895
2020-21,14,Feb-21,Region of CCG,NA,NA,Y63,NORTH EAST AND YORKSHIRE COMMISSIONING REGION,E12000011,9870,77270,87140,75625,117055,127630,244685,15955,527220,39830,10185,77290,87475,92110,133300,168775,302075,18915,695020,35780
2020-21,14,Mar-21,Region of CCG,NA,NA,Y63,NORTH EAST AND YORKSHIRE COMMISSIONING REGION,E12000011,13110,96695,109805,90015,141330,153510,294840,18240,629750,44480,13475,96735,110205,108140,161600,191435,353040,21625,843315,39670
2019-20,14,Apr-19,Region of CCG,NA,NA,Y62,NORTH WEST COMMISSIONING REGION,E12000002,14180,83500,97680,86350,124325,110550,234875,21050,551750,46200,14390,83535,97925,102360,148105,154645,302750,29200,764895,300
2019-20,14,May-19,Region of CCG,NA,NA,Y62,NORTH WEST COMMISSIONING REGION,E12000002,15280,89370,104650,90090,127995,116770,244765,22610,571255,49325,15500,89410,104910,107385,152595,162420,315015,31200,792015,70620
2019-20,14,Jun-19,Region of CCG,NA,NA,Y62,NORTH WEST COMMISSIONING REGION,E12000002,14870,85215,100085,84305,124195,109670,233870,21835,537970,45845,15090,85255,100345,100885,148355,152800,301155,29835,747955,22700
2019-20,14,Jul-19,Region of CCG,NA,NA,Y62,NORTH WEST COMMISSIONING REGION,E12000002,15565,95105,110670,90620,141175,126110,267285,24785,611370,51345,15820,95175,110995,108385,171115,177365,348475,33425,843780,41495
2019-20,14,Aug-19,Region of CCG,NA,NA,Y62,NORTH WEST COMMISSIONING REGION,E12000002,14390,83975,98365,85320,118940,105445,224390,20710,526175,43210,14615,84010,98625,103145,145170,150430,295600,27820,733520,53370
2019-20,14,Sep-19,Region of CCG,NA,NA,Y62,NORTH WEST COMMISSIONING REGION,E12000002,14565,86810,101370,86500,130975,115335,246310,23255,570620,49610,14820,86855,101675,103650,158425,162280,320705,30970,785580,27760
2019-20,14,Oct-19,Region of CCG,NA,NA,Y62,NORTH WEST COMMISSIONING REGION,E12000002,16140,96740,112880,92820,144745,123990,268735,25450,625305,53010,16405,96785,113185,110530,175815,175605,351420,33535,863355,44290
2019-20,14,Nov-19,Region of CCG,NA,NA,Y62,NORTH WEST COMMISSIONING REGION,E12000002,15395,90290,105685,89220,132965,115495,248465,23240,581485,48670,15640,90340,105985,105770,161425,163275,324700,30610,801595,47370
2019-20,14,Dec-19,Region of CCG,NA,NA,Y62,NORTH WEST COMMISSIONING REGION,E12000002,12915,78360,91275,88210,115220,100410,215635,21700,503300,45730,13165,78400,91560,104775,139700,141325,281025,28525,695790,305
2019-20,14,Jan-20,Region of CCG,NA,NA,Y62,NORTH WEST COMMISSIONING REGION,E12000002,14160,94200,108355,87975,133795,122085,255880,24060,615720,52165,14415,94265,108675,105075,162735,171055,333785,31820,845460,68625
2019-20,14,Feb-20,Region of CCG,NA,NA,Y62,NORTH WEST COMMISSIONING REGION,E12000002,14710,86535,101245,80410,124740,108875,233615,20605,549660,43910,14925,86590,101515,95995,152775,154190,306965,27480,755270,22465
2019-20,14,Mar-20,Region of CCG,NA,NA,Y62,NORTH WEST COMMISSIONING REGION,E12000002,12120,66775,78895,73345,107710,92755,200465,22100,500385,45440,12380,66810,79190,89000,130930,133675,264605,28915,687595,40970
2020-21,14,Apr-20,Region of CCG,NA,NA,Y62,NORTH WEST COMMISSIONING REGION,E12000002,3485,18190,21675,56270,43475,47560,91035,6295,306245,16365,3635,18200,21835,70285,54640,76235,130870,9345,427545,52610
2020-21,14,May-20,Region of CCG,NA,NA,Y62,NORTH WEST COMMISSIONING REGION,E12000002,4130,22170,26300,67290,52335,59635,111970,6990,325190,16985,4295,22180,26475,82565,62605,87540,150145,9820,446260,28555
2020-21,14,Jun-20,Region of CCG,NA,NA,Y62,NORTH WEST COMMISSIONING REGION,E12000002,5695,32880,38575,72635,74675,84500,159175,11085,434750,25010,5885,32895,38780,88480,88375,126230,214605,14850,582590,44770
2020-21,14,Jul-20,Region of CCG,NA,NA,Y62,NORTH WEST COMMISSIONING REGION,E12000002,7770,46080,53850,78305,83800,88550,172355,13770,471075,31420,8000,46110,54110,94410,102275,130330,232605,18645,637415,47920
2020-21,14,Aug-20,Region of CCG,NA,NA,Y62,NORTH WEST COMMISSIONING REGION,E12000002,8930,49060,57985,76240,78805,87260,166065,14270,428245,31545,9170,49080,58250,91985,97900,126130,224030,19185,586385,450
2020-21,14,Sep-20,Region of CCG,NA,NA,Y62,NORTH WEST COMMISSIONING REGION,E12000002,10495,62280,72775,77270,99835,105130,204965,18995,528935,43285,10785,62350,73130,93335,124415,150325,274745,25010,716325,88035
2020-21,14,Oct-20,Region of CCG,NA,NA,Y62,NORTH WEST COMMISSIONING REGION,E12000002,11610,68610,80220,74595,101080,100255,201335,19180,523780,43830,11935,68645,80585,91150,125400,143395,268795,25280,711470,28090
2020-21,14,Nov-20,Region of CCG,NA,NA,Y62,NORTH WEST COMMISSIONING REGION,E12000002,10060,67860,77915,72135,106560,102325,208885,19960,530325,45015,10350,67915,78265,87700,129985,142965,272945,25900,719490,52490
2020-21,14,Dec-20,Region of CCG,NA,NA,Y62,NORTH WEST COMMISSIONING REGION,E12000002,9760,62755,72515,74325,98545,96130,194675,18905,490230,42440,10045,62805,72850,89265,119070,134375,253445,24355,667675,65495
2020-21,14,Jan-21,Region of CCG,NA,NA,Y62,NORTH WEST COMMISSIONING REGION,E12000002,8415,61080,69495,72145,95495,95080,190575,19290,497100,44490,8670,61125,69795,87470,115215,135800,251015,24925,675985,37570
2020-21,14,Feb-21,Region of CCG,NA,NA,Y62,NORTH WEST COMMISSIONING REGION,E12000002,8225,61865,70090,70700,97715,96135,193850,17500,502085,38355,8485,61900,70385,84900,116345,135140,251480,22345,679240,59005
2020-21,14,Mar-21,Region of CCG,NA,NA,Y62,NORTH WEST COMMISSIONING REGION,E12000002,11025,76665,87690,83910,120350,117625,237980,20425,603445,45385,11305,76710,88015,99925,142900,163340,306245,26115,813705,59575
2019-20,14,Apr-19,Region of CCG,NA,NA,Y59,SOUTH EAST COMMISSIONING REGION,E12000008,17640,83695,101335,87465,158655,155350,314010,17840,538580,34985,18025,83745,101770,101360,195320,228665,423985,24750,853920,445
2019-20,14,May-19,Region of CCG,NA,NA,Y59,SOUTH EAST COMMISSIONING REGION,E12000008,19365,89305,108670,90865,166105,165380,331485,19820,565950,38080,19710,89365,109075,105565,204200,242835,447035,27080,897610,89965
2019-20,14,Jun-19,Region of CCG,NA,NA,Y59,SOUTH EAST COMMISSIONING REGION,E12000008,18405,85540,103945,86745,159560,156750,316305,18885,530235,37430,18735,85590,104325,101190,196085,229285,425365,25655,839965,28815
2019-20,14,Jul-19,Region of CCG,NA,NA,Y59,SOUTH EAST COMMISSIONING REGION,E12000008,19375,94670,114045,90945,176180,174450,350630,20990,588060,39945,19710,94755,114465,105615,217360,255700,473060,28745,936435,53060
2019-20,14,Aug-19,Region of CCG,NA,NA,Y59,SOUTH EAST COMMISSIONING REGION,E12000008,17810,84905,102715,86440,152185,153340,305525,17960,510425,33560,18145,84965,103110,101050,187945,225395,413340,24615,815600,67020
2019-20,14,Sep-19,Region of CCG,NA,NA,Y59,SOUTH EAST COMMISSIONING REGION,E12000008,17550,87785,105335,85530,164765,162670,327435,19835,546155,37045,17835,87840,105680,100015,202335,236780,439115,26775,862310,39250
2019-20,14,Oct-19,Region of CCG,NA,NA,Y59,SOUTH EAST COMMISSIONING REGION,E12000008,19680,95895,115570,93010,182685,176395,359075,21075,603030,39375,20050,95960,116010,108075,224785,257335,482120,28725,954540,59585
2019-20,14,Nov-19,Region of CCG,NA,NA,Y59,SOUTH EAST COMMISSIONING REGION,E12000008,19215,92145,111365,90525,172420,166525,338945,20075,571680,36945,19540,92200,111740,104680,212115,242585,454705,27100,898130,62125
2019-20,14,Dec-19,Region of CCG,NA,NA,Y59,SOUTH EAST COMMISSIONING REGION,E12000008,16110,80025,96135,92425,147935,147660,295590,18080,493405,33415,16405,80070,96480,106680,180600,214205,394805,24380,777525,430
2019-20,14,Jan-20,Region of CCG,NA,NA,Y59,SOUTH EAST COMMISSIONING REGION,E12000008,17735,94410,112145,92800,173070,173405,346475,20380,601920,39435,18055,94470,112525,107345,212525,253650,466175,27745,942915,89690
2019-20,14,Feb-20,Region of CCG,NA,NA,Y59,SOUTH EAST COMMISSIONING REGION,E12000008,18175,87645,105825,84685,160305,157300,317605,17660,529075,33860,18495,87705,106200,97965,195835,228140,423970,23900,829780,29400
2019-20,14,Mar-20,Region of CCG,NA,NA,Y59,SOUTH EAST COMMISSIONING REGION,E12000008,14335,68060,82395,76525,135640,126885,262530,19165,488600,35055,14705,68105,82810,90480,165115,191565,356685,25745,766475,53845
2020-21,14,Apr-20,Region of CCG,NA,NA,Y59,SOUTH EAST COMMISSIONING REGION,E12000008,6950,19155,26105,54695,66255,76765,143020,8475,325720,16020,7295,19190,26485,67785,81570,126670,208240,11690,529475,77245
2020-21,14,May-20,Region of CCG,NA,NA,Y59,SOUTH EAST COMMISSIONING REGION,E12000008,8155,25555,33715,68070,78440,95090,173535,9180,344405,17305,8490,25595,34085,81985,94015,145400,239415,11920,551055,39510
2020-21,14,Jun-20,Region of CCG,NA,NA,Y59,SOUTH EAST COMMISSIONING REGION,E12000008,10920,40215,51135,74330,105865,129360,235225,12185,445410,23790,11245,40245,51495,88215,126065,191285,317350,15635,692080,61030
2020-21,14,Jul-20,Region of CCG,NA,NA,Y59,SOUTH EAST COMMISSIONING REGION,E12000008,14595,54785,69380,81130,115460,146395,261850,13290,491525,28280,15015,54820,69835,95390,141305,212905,354210,17545,763725,62795
2020-21,14,Aug-20,Region of CCG,NA,NA,Y59,SOUTH EAST COMMISSIONING REGION,E12000008,15150,55420,70570,80450,107360,134400,241760,13115,443270,28375,15520,55455,70970,94245,132535,195725,328260,17495,688965,420
2020-21,14,Sep-20,Region of CCG,NA,NA,Y59,SOUTH EAST COMMISSIONING REGION,E12000008,17315,69845,87155,82880,135050,158605,293655,16950,545645,37025,17695,69950,87645,96735,164310,227690,392005,22530,821680,84890
2020-21,14,Oct-20,Region of CCG,NA,NA,Y59,SOUTH EAST COMMISSIONING REGION,E12000008,19515,76410,95925,84180,141485,157035,298520,16900,555300,37365,19800,76505,96305,98075,171710,230570,402280,22490,840875,27310
2020-21,14,Nov-20,Region of CCG,NA,NA,Y59,SOUTH EAST COMMISSIONING REGION,E12000008,18680,76290,94970,79180,145955,161950,307905,17690,566080,38180,19070,76415,95485,93320,175795,236405,412200,23210,852475,47830
2020-21,14,Dec-20,Region of CCG,NA,NA,Y59,SOUTH EAST COMMISSIONING REGION,E12000008,15835,66065,81900,78340,124720,139820,264540,15880,492345,33545,16285,66145,82435,91755,150455,204875,355330,21355,746790,71705
2020-21,14,Jan-21,Region of CCG,NA,NA,Y59,SOUTH EAST COMMISSIONING REGION,E12000008,9840,50420,60255,74275,115290,129210,244500,14975,474725,31735,10260,50480,60745,88140,139985,195410,335395,20515,719510,37235
2020-21,14,Feb-21,Region of CCG,NA,NA,Y59,SOUTH EAST COMMISSIONING REGION,E12000008,11095,57235,68330,73125,120530,136435,256965,13320,472485,28190,11545,57295,68840,86545,144460,199680,344140,18000,705455,57815
2020-21,14,Mar-21,Region of CCG,NA,NA,Y59,SOUTH EAST COMMISSIONING REGION,E12000008,15580,76470,92045,87595,155875,168750,324625,16445,592115,36515,16040,76525,92565,103015,186015,245250,431265,22050,877175,57540
2019-20,14,Apr-19,Region of CCG,NA,NA,Y58,SOUTH WEST COMMISSIONING REGION,E12000009,11980,62115,74090,60305,78825,80060,158890,9520,306970,19405,12190,62140,74330,69930,102680,124785,227465,14850,467655,360
2019-20,14,May-19,Region of CCG,NA,NA,Y58,SOUTH WEST COMMISSIONING REGION,E12000009,12660,65390,78050,62640,82180,84080,166260,10295,320590,21485,12965,65400,78365,73040,107690,131205,238890,15925,488920,73055
2019-20,14,Jun-19,Region of CCG,NA,NA,Y58,SOUTH WEST COMMISSIONING REGION,E12000009,12170,62555,74725,58160,79710,80470,160185,10200,307685,20160,12495,62575,75065,68215,104215,125575,229790,15340,466630,27155
2019-20,14,Jul-19,Region of CCG,NA,NA,Y58,SOUTH WEST COMMISSIONING REGION,E12000009,12735,69610,82345,60855,87320,89870,177190,11205,338695,21795,13055,69645,82700,71415,113805,140985,254785,17230,516480,45940
2019-20,14,Aug-19,Region of CCG,NA,NA,Y58,SOUTH WEST COMMISSIONING REGION,E12000009,12285,63100,75385,58240,74090,77030,151120,9745,293725,18750,12570,63125,75695,68475,97205,122170,219375,15300,452970,67540
2019-20,14,Sep-19,Region of CCG,NA,NA,Y58,SOUTH WEST COMMISSIONING REGION,E12000009,12070,63860,75935,58470,81230,83370,164600,10730,316620,20925,12365,63895,76255,68760,106000,130960,236960,16445,477600,32265
2019-20,14,Oct-19,Region of CCG,NA,NA,Y58,SOUTH WEST COMMISSIONING REGION,E12000009,13610,70325,83930,62955,88835,88555,177385,11375,347410,22210,13950,70370,84320,73580,116945,144030,260980,17765,530330,59780
2019-20,14,Nov-19,Region of CCG,NA,NA,Y58,SOUTH WEST COMMISSIONING REGION,E12000009,13045,68025,81070,61445,83425,81680,165105,10075,329025,20375,13370,68045,81415,71235,109105,132025,241125,15940,501475,61295
2019-20,14,Dec-19,Region of CCG,NA,NA,Y58,SOUTH WEST COMMISSIONING REGION,E12000009,10885,59400,70285,63700,72455,72275,144730,9415,289010,18815,11175,59420,70590,73230,93885,114545,208430,14725,436850,315
2019-20,14,Jan-20,Region of CCG,NA,NA,Y58,SOUTH WEST COMMISSIONING REGION,E12000009,11870,69250,81120,63695,83725,86120,169845,10840,344265,21805,12175,69265,81440,73835,110165,139165,249330,16855,523905,70630
2019-20,14,Feb-20,Region of CCG,NA,NA,Y58,SOUTH WEST COMMISSIONING REGION,E12000009,12105,62935,75045,57685,76145,77340,153485,9120,307390,18190,12410,62960,75370,67195,99005,124600,223605,14160,466565,23560
2019-20,14,Mar-20,Region of CCG,NA,NA,Y58,SOUTH WEST COMMISSIONING REGION,E12000009,10050,51020,61070,52730,64660,66990,131655,9815,276140,18240,10365,51040,61410,62220,84335,108550,192885,14610,417295,40250
2020-21,14,Apr-20,Region of CCG,NA,NA,Y58,SOUTH WEST COMMISSIONING REGION,E12000009,3370,18845,22215,37205,30185,35545,65730,4150,176665,8300,3650,18860,22510,45895,41540,62445,103990,5775,271120,58370
2020-21,14,May-20,Region of CCG,NA,NA,Y58,SOUTH WEST COMMISSIONING REGION,E12000009,4505,23010,27515,46995,35630,42125,77755,4390,194660,9185,4805,23040,27840,56130,45775,69745,115520,6120,294780,28380
2020-21,14,Jun-20,Region of CCG,NA,NA,Y58,SOUTH WEST COMMISSIONING REGION,E12000009,6125,34295,40420,52050,47730,57520,105250,5940,250590,12495,6450,34320,40770,61085,61545,92755,154300,8525,372485,51675
2020-21,14,Jul-20,Region of CCG,NA,NA,Y58,SOUTH WEST COMMISSIONING REGION,E12000009,8020,43540,51565,56155,53720,64650,118370,7240,264800,14370,8400,43585,51980,65730,71060,107615,178675,10710,401025,54560
2020-21,14,Aug-20,Region of CCG,NA,NA,Y58,SOUTH WEST COMMISSIONING REGION,E12000009,8470,42160,50630,54745,49640,59875,109515,7250,239575,14290,8830,42200,51030,64050,65830,100355,166185,10875,362410,410
2020-21,14,Sep-20,Region of CCG,NA,NA,Y58,SOUTH WEST COMMISSIONING REGION,E12000009,9430,51325,60755,56235,62020,71825,133845,9220,291040,18300,9775,51390,61165,65780,82550,122180,204730,13910,438600,84075
2020-21,14,Oct-20,Region of CCG,NA,NA,Y58,SOUTH WEST COMMISSIONING REGION,E12000009,10485,54865,65350,57120,62985,74215,137200,9355,292005,18445,10825,54910,65735,66475,82900,125175,208075,13935,447015,27900
2020-21,14,Nov-20,Region of CCG,NA,NA,Y58,SOUTH WEST COMMISSIONING REGION,E12000009,9295,54350,63645,53285,66070,74265,140335,9865,299525,19190,9645,54390,64035,61830,85550,124570,210120,14525,461300,50790
2020-21,14,Dec-20,Region of CCG,NA,NA,Y58,SOUTH WEST COMMISSIONING REGION,E12000009,8430,51810,60240,53610,59120,75890,135010,8905,276745,17485,8770,51830,60600,62250,75075,119670,194745,13210,429835,69425
2020-21,14,Jan-21,Region of CCG,NA,NA,Y58,SOUTH WEST COMMISSIONING REGION,E12000009,6160,44410,50570,50300,57995,76935,134925,8675,276090,17525,6485,44440,50930,58845,74150,120000,194145,12855,425305,35200
2020-21,14,Feb-21,Region of CCG,NA,NA,Y58,SOUTH WEST COMMISSIONING REGION,E12000009,6645,45330,51980,49440,59700,71630,131330,7595,278015,15220,6975,45365,52340,57785,74505,112185,186695,10980,423580,61160
2020-21,14,Mar-21,Region of CCG,NA,NA,Y58,SOUTH WEST COMMISSIONING REGION,E12000009,9215,57840,67055,59800,76270,84905,161175,9045,348100,18230,9590,57885,67470,68915,93990,134845,228835,13020,523875,61595
